num,star,content
1,5,물에 잘 녹고 거품도 많이 안 생겨서 배앓이가덜한거 같아요 유기농궁 분유가 안 맞아 변비가 와서 산양이냐 명작이냐 고민하다 이걸로 바꿨는데 첨엔 영양면에서 맘에 들지 않았지만 아기가 변 잘보고 소아과에서 너무 잘 큰다는 말에 그냥 정착입니다 가격면에서도 저렴하구요 가장 많이 먹이는 분유 라던데 이유가 있겠죠
2,5,"배송 박스도 엄청 깔끔하고, 유통기한도 아주 넉넉해서 좋아요:-) 물에도 잘녹고 아기가 먹고 배탈도 없고 맛있게 먹으니 제 기분이 좋네요❤ 모유수유를 못하는 상황이라 속상했는데, 매일 인지도 답게 정말 깨끗해서 좋아요. 남은 분유기간 동안도 단계별 답게 건강하게 먹이고 싶어요."
3,5,"혼합수유할꺼라 생각하고 샀는데 모유가 생각보다 잘 나와서 많이 사버린것 같네요.

아기도 잘 먹고, 남편도 맛있데요(분유 가루가 프림맛임ㅋㅋㅋ)
유통기한 길고 좋아요. 근데 개봉 후 3주만에 이용해야한다는 걸 미리 알았더라면 400g짜리 살껄 그랬어요!"
4,2,"제발울아기에게잘맞아주길바랐는데 울 아기는 방귀끼기도힘들어하고 똥도잘못보고 봐도 녹변이네요ㅠ
매일유업꺼 먹이고싶었는데 아기가 힘들어해서 결국 예전에 먹이던걸로 돌아가요
분유는 애바애니까 잘맞는아기들도 많겠죠
우리애한테안맞아아쉬울뿐이에요
배송이나포장상태는 다 좋았습니다"
5,5,"궁 먹다가 바꿧어요 바꾸는 단계 없이 그냥 바꿔봣는데 잘먹고 탈없이 지내네요 둘의 차이가 유기농여부 차이고 나머진 다 똑같다던데 그래서 잘 넘어갓나 봅니다 가격비교 햇을때 위메프가 제일 싸서 구매해요
앞으로도 좋은제품 저렴하게 잘 부탁드려용^^"
6,4,"큰애때부터 믿고 먹여온 매일 앱솔루트명작~ 조리원서도 잘 먹고 변도 잘보고 했기때문에 쭈욱 먹여왔는데
이번에 태어난 둘째도 명작 먹이고 있어요~~혼합하다 저절로 단유가 되서 완분하려구용~~ 저번에 3통 구매했는데 지금도 추가로 또 구매해서 먹이고 있어요~ 방귀도 잘 뀌고 잘 크니 믿음이 가요~"
7,3,"아이가 잘먹고 잘자요
분유가 진해서 물타서 먹는게 편해요
언제 땄는지 표시할수 있어서 좋아요
정체기가 있어서 좀 들 먹지만 그래도 좋아요
변보는것도 정상으로 나와서 좋아요 ^^
분유가 진해서 텀잡기가 어려워요
어쩔때는 안먹고 버릴때도 있어요 ㅠㅠ
그래도 신생아 때부터 지금까지 안바뀌고 먹는게
앞으로도 분유 끝날때까지 먹는거 문제
없길 빌께요"
8,5,다른 사이트에서 상품소진으로 급하게 구매했네요.주말끼고 배송이라 늦어도 화요일 오겠거니 해서 넉넉하겠다 했습니다.아기먹을게 화요일까지는 있었거든요.배송일정이 화요일에 온다뜨길래잘됐다 했는데하루 밀려버리더라구요.ㅠㅠ수요일에 온다고는 하지만몇시에 올지 몰라급하게 근처 슈퍼에서 1통 준비했습니다.화요일 배송에서 밀린 택배여서 그랬는지수요일새벽같이 갖다주셨더라구요(아가 수유하느라 깨있었음)다행이다 싶으면서도약간 아깝고 아쉬운 ㅎㅎ그래도가격도 저렴해서 잘받아서 만족했어요아기꺼는여유있게 시켜야한다는 교훈을 얻었네요 ㅎㅎ
9,5,배송 진짜 빠르네요~6캔이여서 무지 무거울지 알았는데 가루라서 그닥 무겁지 않았구요.포장도 괜찮았어요.하나하나 들어가게끔 상자가 되어있더라구요.진공포장이 맘은 놓이나 그냥 받아도 괜찮아요.캔이라 터질일도 그닥 없을것 같구요.저렴하게 잘 구매했습니다.전에 400짜리 받아서 쓴 20짜리 스푼 개량했는데 요긴 40짜리인거 같아요.둘이 병행해서 쓰면 더 편할것 같네용♡판매 많이 하시구요~~또 주문하러 올게요~
10,5,우선 제가 3시58분 주문 하고 결재를 해서 당일 출고가 가능 한지 걱정 많이 했었는데 다음날 바로 도착 완전 빠름요 평소 롯데택배사 저희 동네는 항상 저녁에 택배 도착 이였는데 웬걸 낮에 도착 !그리고 유통기하누길어요~^^ 출산 8일째 모유 안나와서 혼합 수유 중이며 변도 황금색변 ~~아주 만족 해요~^^
11,5,"배송 빠르고 좋아요 기본 10자 이상 작성시 100P 즉시지급 이미지 등록시 100P 즉시 추가지급개당 상품 가격이 5,000원 이하 상품은 적립대상에서 제외되며,리뷰 포인트는 최초 1회 작성시에만 지급됩니다.같은 단어가 반복된 내용은 임의로 삭제되며, 지급된 포인트가 회수될 수 있습니다. 다른 고객님들에게 유용한 상품 리뷰를 작성해주세요."
12,5,조리원에서 ㄴㅇ 먹이다가 매일거로 바꿔주고 싶어서 갈아탔어요. 맛은 비린 맛인데 아기는 잘 먹어주고 배앓이 심하거나 변이 이상하거나 하는 별 탈은 없어요너무 안 녹아서 초반에는 덩어리로 많이 남아 있었네요ㅠㅠ 근데 70도에 타서 식힌 물 섰어 조유하니 불편하고 온도가 잘 안 맞춰지기는 하지만 잘 녹습니다ㅠ그동안 비싸게 샀는데 할인해서 구입하고 배송도 빠르고 넘 좋아요
13,5,일단 배송빨랐어요!!2단계로 가기 전 1단계가 부족해서 한통만 사길 원했는데동네 마트에는 2만6천원 더라구요 배송비 포함해도 훨씬 저렴해서 구매했는데 혹시 늦으면 어쩌나 결국 마트 다녀와야하나 햇는데 빠르게 배송와서 다행히 먹일 수 있었어요!! 한통인데도 찌그러진 곳 하나없이 말끔하게 왔구요!!이렇게 저렴하게 파는줄 알았음 2단계도 여기서 쟁일껄 그랬어요ㅠㅜ 담에 쟁이러오겠습니다!
14,5,"마트에서 한캔씩 사거나 다른곳에서 시키는거 보다, 직영이라 그런지 유통기한이 더 길어서 넘 좋았어요. 신선한거 먹이는 기분이랄까요ㅎㅎ 이제 이거 세캔 다먹으면 2단계로 넘어갈때쯤인데 그때도 직영점에서 주문할거에요>할인쿠폰사용불가여서 아주 쪼꿈 아쉬웠어용 ㅇ_ㅇ)"
15,5,배송은 이틀 걸렸고 유통기한도 보시다시피 넉넉해서안심이구요 첫째부터 먹이던 거라 앱솔루트명작으로 먹이고 잇어요 산부인과 조리원에서부터 먹이고 잇던 분유기도 하고요매일에서 나오는 분유는 명작이 젤 무난하고 가격면에서도 괜찮은것 같습니다 첫째가 동생 분유를 몰래 퍼먹다 들킴요ㅠ ㅋㅋㅋ
16,4,명작 다른 곳에서만 주문하다가 처음 11번가에서 주문해봤어요. 포장 상자가 굉장히 견고해서 분유통에 흠 없이 잘 왔고 배송도 빨랐습니다. 그런데 분유양 조절하는 곳이 입구 반대편으로 되어있어서 분유 담을 때 조금 불편하네요. 다른 곳에서 살 땐 안 그랬는데... 그게 좀 불편한 것 말고는 다 좋습니다~
17,5,"조카 선물로 2박스 보냈는데 배송도 빠르고 포장도 잘되어 있어서 만족합니다.
잘 몰라서 판매자님께 문의했는데 친절하고 상세한 답변에 구매하는데 많은 도움이 됐습니다.
온라인에 여러 판매채널이 있지만 공식판매처라 더 신뢰가 가서 다음 선물때도 이용할 생각입니다."
18,2,"2주전에 똑같이 1단계 시킨건 유통기한이
2021년9월까진데
왜 오늘 받은건 2021년 1월 까지인게 2통이고
2021년 5월 까지인게 1통 이렇게 왔네요
같은곳에서 시킨건데 왜이렇게 보내주시는지 모르겠네요
유통기한이 남았지만 좀 그래요~"
19,5,"배송 1박2일 오전에 도착했어요~
여기 엘베없는 5층인데 택배아저씨 문앞까지 안전하게 배송해주셨어요~
아이들이 먹을 분유캔이라고 안에도 밖에도 뽁뽁이로 꼼꼼하게 포장해주셔서 안전하게 이상없이 도착했어요~
잘 먹일께요~ 번창하세요~^^"
20,1,분유를 주문했는데 맘 졸이며 받았습니다.\n월요일에 주문했는데 배송조회 해보면 계속 상품준비중으로만 확인되서 전화문의까지 드렸네요. 다행히 금요일인 오늘 오후 잘 받았지만 너무 오래걸렸고 배송조회도 안되서 답답했네요.
21,4,이달말 출산예정인데 미리 구입했어요. 원래 생각했던 분유가 있었는데 명작이 변비없이 아가들이 잘먹고 물에 잘녹는다해서 선택했습니다. 부디 아기가 태어나서 잘 먹어주길..
22,5,"현재 60일이 넘은 울아가 잘 먹고 잘 크고 있어요~
양이 늘어서 타는 분유가 많아지니 녹는데 시간이 좀 걸리네요~ 좀 덜 하면 가끔 뭉쳐 있어요;; 것만 빼면 응가도 방귀도 잘 뀌고~ 꾸준히 먹일겁니다~"
23,5,우리 애기 100일정도 되었는데 태어나면서부터 지금까지 쭈욱 1단계 잘 먹이고 있어요~ 배앓이도 없고~ 변 색깔도 괜찮고~ 가격도 저렴해서 좋은거 같아요~
24,1,처음부터 먹던거라 주문했는데녹지를 않고.덩어리져서분유탈때마다 젖가락으로 덩어리분리해서 먹이는중이예요왜이런건가요가품인지 의심스럽기까지하고.신랑은 버리라고하네요
25,5,생후25일된 아가인데요..모유랑 혼합해서 분유먹이긴 하지만 남양꺼 먹이다가 변이 안좋은것같아서 이번에 갈아타기 했는데 요건 아무 탈없이 잘먹어 줬으면 좋겠네요
26,5,원래 직접 장보는 걸 좋아했는데 롯데마트 배송 서비스에 중독되고 나서는 장보러 가질 않습니다 집에서 아기만 보게 되네요 아이가 자꾸 녹변을 봐서 분유를 바꾸어 구매해 봅니다
27,5,70일 아기 1단계 분유가 애매하게모질라서 한통주문했는데 저렴하게 살 수있어서 좋습니다 제가 한통만 검색했을때 여기가 최저가였어요유통기한은 올해11월 까지이고 파손없이 깔끔하게 잘 왔습니다
28,5,우리 아기가 까탈스럽지 않아서 모유나 분유나 가리지 않고 잘 먹는 편입니다. 다른 분유 조리원에서 먹이다 갈아탔는데 아무 거부감없이 잘 먹네요. 한 달 사이 체중도 쑥쑥 잘 늘었습니다
29,5,홈플러스 배송 서비스 항상 너무 정확하고 빨라서 자주 애용하고 있습니다. 할인 쿠폰 사용해서 저렴하게 구매할 수 있어서 더 좋은거 같아요. 다 먹고 다음에 또 구매할게요 많이파세요.
30,5,조리원에서 먹던 남양유업 분유 다 먹어서바로 바꿔 먹였는데도 잘 먹고 있네요마트보다 싸고 배송도 빨라서 완전 만족입니다.
31,5,첫째에이어둘째도명작으로ㅎ온라인에서할인쿠폰사용하면오프보다조금만더저렴하게구매할수있어서좋네요.배송도빠르고계속해서먹이고있어요.다음에또구매할게요
32,4,그람 1개랑 400 두개 합친게 한 7스푼 더 나와요 . 500원 프러스 해서 그게 그거긴한데 . 숟가락 뫃을대가 없어서 불편하여 . 큰거에 부어서 썻는데 그냥 큰게 낳을 듯요
33,2,저번에 주문하고 재주문한건데 이번엔 좀 그렇네요.. 열었을때 뚜껑이 다 부서져서 왔어요 급해서 그냥 먹입니다~~ 에어캡이 있었는데 어떻게 이렇게 부서진건지ㅜ
34,3,가격대는 저렴하나 배송이 느림니다 주말이 끼었다지만 일주일이걸리네여 급하신분들은 참고하시길 그래도 싸므로 추천
35,5,"분유 함부로 바꿨다가 변비와서
다시 앱솔루트명작 정착했어요~
저렴하다고 나쁜게아니더라구요.아기에게 잘맞으면
쭉~~!"
36,5,근처 홈플러스에서 배달오니 엄청 빠르기도 하고 특히나 세일은 잘안하는 상품인데 저렴한 가격에 살수 있어서 좋네요
37,4,"2일저녁쯤 배달도착 처음엔 이게머지? 라고생가들었다
3개짜리박스도아니고 박스에낱개로 6개의분유가 들어있었음 ㅋㅋ 저렴하게 구입함"
38,5,"아기가 태어나서 첫 분유 선택 명작으로 했는데.
첫아이때 먹여서 바로 선택했어요
롯데마트가 가장저렴하게 쇼핑할수있어서 기분좋네요"
39,5,우리동네 롯데마트 넘 친절하고 만족입니다. 액상 1단계랑 수입분유에 익숙해 100일 지나도 1단계 시켰다가 나중에 알고 2단계로 바꿔주실 수 있냐 여쭈었는데 바꿔 보내주셔서 감사했습니다.
40,5,분유가 거의 없어 급하게 주문했는데도 당일로 몇시간만에 배달완료 됐어요! 정말 짱이에여 덕분에 편안하게 애기 먹일 수 있을꺼같아요
41,4,배송이 빨라 좋았습니다. 분유를 바꿔서 그런지 소화가 잘 안되는 것 같긴 하지만 잘 먹어주면 좋겠네요 ㅜ
42,5,소캔으로 먹어보다 괜찮은것같아서 대캔으로 주문했어요 한개가 찌그러져서오긴했으나 포장 꼼꼼이해주셨고내용물이 터지거나한건 아니라서 괜찮습니다~!
43,4,애가 잘먹고 응가도 그럭저럭 잘하는데..왜인지 방귀를 자주 뀌고 냄새도 많이나서 이거 먹이고 나서 앱솔루트본으로 바꿨네요..아
44,5,가성비 좋은 분유 같아요~ 아가도 잘 먹구요^^ 한번씩 순두부 같이 게워냄은 있었어요.. 배송 빠릅니다.
45,5,"현재 아이가 먹고 있는 분유인데,
이곳저곳 검색하다가 가장 저렴해서 주문했어요!
제가 구입할 당시엔 재고2개 남아있다고 나왔고 빠르게 구입했어요:) 제품도 다음날 빠르게 왔구요ㅎㅎ"
46,5,"항상 먹이고 있어요! 황금변은 감동 그자체죠ㅠ
이제 이거 다 먹을때쯤이면 2단계로 올라갑니다 슝슝!"
47,5,처음 구입인데 택배 포장이 잘되서 왓어요 ! 다른데서는 캔이 찌그러졋다고 하던데 여긴 완전 좋네요
48,5,우선 조리원에서 부터 먹인 거라 아이가 거부반응없이 잘 먹고 잘 소화시키는것 같아 만족하고 있는 제품입니다.앞으로도 계속 이용예정입니다
49,4,비싼것들 먹이다가 소화가 안되서 주변추천으로 바꿔봤어요 잘먹고 소화도 잘시킵니다 아침마다 모닝응가 노란변 싸구요
50,5,현재 분유에서 명작으로 바꿀려고시도중입니다아직까지 똥도 잘싸고토하는 것은 거의 없어요완전 명작으로 먹기까지는 시간이 걸리겠지만아기가 잘 먹어줬으면 좋겠어요
51,5,마지막 분유 타서 먹이고 발동동하고 있는데 도착했다는 반가운 소리가ㅎ 타이밍 완전 굿이었어요! 완전 저렴히 사서 좋고 빠른 배송은 더 좋고!
52,4,조리원에서 먹이던거라 집에 와서도 이걸로 구매했어요 아기가 잘 먹구요 모유랑 분유 섞여먹이는데 분유 먹는 모습이 더 편해보이긴합니다
53,5,"앱솔루트 명작은 첫째때도 성분아 좋아 먹이는 중요
포장도 깔끔하게 잘 보내주사고 감사합니다~"
54,5,첫째에 이어 둘째도 항상 먹이는겁니다~~일련번호 포인트 쌓아 사용할 수 있어좋고~~6캔 한번에 사니 더 저렴해서 좋습니다^^
55,5,산후조리원부터 명작 분유 먹어서 쭉 이어서 먹이고있어요~ 근데 최근에 리뉴얼됫던데 괜히 새로운거 먹어는것 보다 먹던거 먹이는게 좋을것같아서 재고 남은거라도 사놓고 먹이고잇어요~~
56,5,조리원에서 받은 분유를 얼른 먹이고 갈아탔는데 잘 맞아서 구매했어요 ~ 계속 정착할 거에요 :)
57,5,태어났을때 병원에서부터 먹이던거라서 구매했어요~ 전용상자에 담겨서 깔끔하게 잘 왔습니다
58,5,조리원에서 쓰던 분유가 잘 맞는거 같아 이어서 먹이는데 살도 잘 붙고 응가도 잘하고 좋아요
59,5,찌그러지지 않게 잘 포장되어 있었습니다~ 아기 분유 떨어지기 전에 빨리 배송 받아서 좋네요
60,5,분유포트온도가 45도인데 잘안녹아요 ㅠ그래도 아가가 게워내는거없이 황금변보며 잘먹어요~
61,5,분유1단계는 세일을 잘안하는데 홈플러스에서 저렴히 나와서 바로 구매했어요~~ 명작 좋아요!
62,5,"조리원에서부터 계속 먹여요
한번에사니 가격도 좋고 분유 떨어질까 신경안쓰고 좋네요 ㅎㅎ"
63,5,"조리원에서 남양꺼 먹였는데 첫째둘째 다 매일먹여서 바꾸었어요~~
잘먹고 황금응 잘 누네요"
64,5,"출산한지 아직 한달도 안됐는데
이 분유가 무난해서 계속 먹이고 있어요 ㅋ
만족합니다 ㅎㅎ"
65,5,애기가 신생아 때부터 쭉 잘먹고있어요!포장도 잘되어왔고 배송도 맞춰서 빨리왔네요~^~^
66,5,안전하게 배달와서 넘 좋아요 찌그러진곳 없구요 앱솔루트 좋다고해서 샀는데 애기가 잘먹었으면 좋겠어요 ㅎㅎㅎ
67,5,"카드할인.쿠폰할인해서 정말 저렴하게 구매했어요^^
보통 매장배송은 포장이 꼼꼼하지않은데 박스안에 들어있고 테이핑되서 왔어요"
68,5,조리원에서부터 먹었던 분유입니다. 쭉 이어서 먹이려고 구매했어요. 아기가 잘 먹네요.
69,5,출산병원에서부터 먹였던거라 구매했어요~ 혼합수유중인데 탈안나고 잘먹어서 좋아요^^
70,5,"아기가 먹는거라 매번 공홈에서 주문해요ㅋㅋ
잘먹어서 키도 쑥쑥, 몸무게도 잘 늘어요~"
71,3,궁 먹다가 명작 바꿔보았는데.. 아기가 안 좋아해서 다시 궁 사서 먹여야 될 듯 해요..ㅠ
72,5,저희 아기 먹이는 분유에요 이마트 배송으로 주문하니 너무 편하고 좋아서 항상 시켜요
73,4,배송도 빠르고 매일 사용하는 제품이라 잘 녹고 영양가도 풍부해서 대체로 만족합니다.
74,5,모유수유하는데 가끔 분유 보충용으로 구입했어요.개봉하면 3주내에 먹어야하니 작은 용량 샀어요잘녹고좋아요
75,4,"항상 잘 먹고 있습니다. 근데 깡통이 찌그러져서 왔어요.
이건 배송상 문제였을 거라 보고 별로 신경은 쓰지 않았어요."
76,5,"처가집에 가면서 쓰려고 구입
제일 가격 저렴한듯하고 포장잘되오고 배송 빠릅니다 ^^"
77,4,행사상품으로 제일 저렴하고요 소화력이 좋다는 말에 구매했어요 시간 맞춘 직접 배송이 제일 마음에 들었습니다
78,5,포장 꼼꼼하고 배송도 빨라요. 직영점에서 구입해서 그런지 유통기한도 넉넉하구요.
79,5,이번에 아기분유 바꿨는데 그나마 그전에먹었던것보다 아기가 잘먹어서 다행이네요 먹고나면 재구매할께요
80,4,명작으로 바꿔봤어요 첨엔 dha함유량이 높아서 비린내가 많이 나서 아기가 다소 힘들어했는데 지금은 잘 먹어요
81,4,배송빨라요~아기분유 선택을아직못해..먹여보고결정할려고하나만시켰어요~아기한테맞으면 또시킬려구요~
82,5,우리 손주가 아주 잘먹고 자라나서 같은 또래 상위1% 를 랭크하니까 기분좋습니다!!!
83,5,"아기가 잘먹어요
큰아이도 요것만 먹었는데
둘째도 그러네요
배송도 매우 만족입니다"
84,5,아기 먹는 분유가 갑자기 떨어져서 급하게 주문했습니다~ 배송이 빨라서 좋았어요^^
85,4,명작 쭉 먹이고 싶었는데 아쉽게도 갈아탔어요~~!! 뚜껑에 포인트 주는거 좋아요~~!!!
86,4,택배파업 문제로 아쉽지만 늦게받았네요 유통기한이 조금 넉넉치 못해 4점드립니다
87,1,"배송느리고 유효기간이 ,,,,미리 통보했으면 좋았을텐데 구매하신분 참고하길 바람"
88,5,배송빠르고 조리원에서먹여서 이거먹이는데 괜찮아영. 조금 덜 섞으면안녹는경우도있는데 충분히 빠르기섞어주면 잘녹아용
89,5,원래 쿠팡에서 구매했었는데 할인을 해주어서 롯데마트에서 곰의 합니다 늘 집 앞까지 배송되는 게 너무 편해요
90,5,주변에서 명작을 추천해서 바꿔보려고 합니다. 아이들이 잘 먹었으면 좋겠네요.ㅠ
91,5,"신생아부터 지금까지 계속해서 아기에게 먹이고 있는데 배앓이, 구토 등등 증상 하나 없이 잘 먹이고 있습니다. 잘 먹고 잘 크고 있습니다~ 배송도 빠르고 상품도 찌그러진 곳 없이 잘 받았습니다. 유통기한도 넉넉합니다"
92,5,아기 가 잘 먹어 또 구매 해야 되는데 애매하게도 지금 86일 이라 두 캔 만 주문 했어요 배송비는 아깝지만 두캔 이 다른데 비해 저렴했어요
93,5,아기 먹는거는 공홈에서 사야 맘이 편해서 항상 여기서 구입해요ㅋㅋㅋ태어났을때부터 명작만 먹었는데 물에 잘녹고 만족해요!
94,5,여러 분유를 먹여봤지만 명작이 올리는것도 없고 변도 잘보고 40도에도 잘녹아요
95,5,배송 빠르구요 아들이 계속 토를 해서 명작이 소화잘된다고 해서 바꿔보려고 구매했는데 잘 맞았음 좋겠네요
96,5,조리원에서부터 먹여 지금도 잘먹이고 있어요~앞으로도 잘 먹어줬음 좋겠네요~!
97,4,"1단계가 생후6개월까지가 있고,
이제품 있네요
같은건줄 알고 주문을 했네요ㅠㅠ
아이가 잘 먹기를 바랍니다"
98,5,"박스가 일반박스라 뭐지했는데
너무 깔끔한 상태로왓습닏찌그러진거도없고 배송도 굉장히 빨라요 !만족!!"
99,5,"저렴하고 아기도 잘먹어요
센서티브는 조금 변을잘못봤는데
이제품은 잘보내요"
100,5,벌써 셋째아이까지 명작 먹입니다게워내는것도 없고 변도 정말 잘봐서 좋아요
101,5,배송은 엄청빨라요....먹는건 아이의 결정이니 ..잘만먹고 탈없이 잘크면 별5개
102,5,아기가 잘먹어요. 이마트 배송두해줘서 편하게 받을수있는게 최고잉거같아요.
103,5,신생아때부터 먹던거라서 거부감도없이 잘먹어요ㅎㅎ 분유도 물에 잘 녹아요!
104,3,명작이라고 검색해서 바로 구매했는데 구매하고보니 리뉴얼제품리 아니어서 당황했어요 아가가 100일까지 아직 좀 남았으니 망정이지 ㅜㅠ 잘 확인해야겠네요 이건 100일까지 먹이는 명작이에요
105,3,배송도 빠르고 아이도 잘먹어요 하지만 변색깔이 좋지않아 조금고민스럽네요
106,5,새언니한테 추천받아서 구매했는데 저렴하게 잘 구입한것같아요 많이파세요~
107,5,배송도 빠르고 포장도 꼼꼼이 잘되어있어요도착도 생각보다 빨리와서 좋아요
108,5,애 키우면서 꼭 필요한 분유! 행사할 때 구입해서 너무 저렴하게 잘 샀어요~~!!
109,5,제가 먹어보진 않아서 맛은 모르겟지만 아이가 황금응가를 싸고 팔다리에 쏘세지가 포동포동 돋아나네요~
110,5,분유는 맛있고 아가가 잘먹는데 변을 못봐서 결국은 다른걸로 바꿉니다 ㅠㅠ
111,4,분유는 약간비릿한 냄새가 나지만 아기가 잘먹어요~ 분유먹고 나서 트름도 잘하는 편이예요~다른 분유에 비해 가성비가 좋아요~
112,5,"조만간 단계 올려야해서 1단계 1캔만 주문했어요
가격은 다른곳이랑 별차이 없는데
배송이 빨라서 좋아요"
113,2,분유통 뚜껑부분이 깨져서 왔어요 포장상태를 보면 배송중 파손이 아니라 원래 파손된 제품이 온 것 같아요
114,5,매번먹이는 건데 이번에 저렴하게 구매했네요~ 아가가 잘먹어줘서 좋아요~
115,5,"대구인데 주말에주문 화요일에 도착했음
하루만에 안와요 쿠팡이랑 달라요"
116,5,울 둥이들이 조리원에서 부터 먹던 분유인데 잘 맞는듯해서 주문했습니다~
117,5,배송빠르구요 아기가 황금볌봐서 좋아요 저렴해서 부담없구뇨 마니파세요
118,5,분유는 항상 주문해서 먹이고있어요ㅎ 무거운데 사러가지않아도 편하네요
119,5,"찌그러진데 없이 개별뾱뾱이까지 해서 잘 받았어요!
유통기한도 넉넉해요~"
120,5,70도로 분유를 타지만 한번씩 잘 안녹을때가 있어요 하지만 아기가 항상 잘먹고 황금변도 보고 잘 먹이고 있어요 유통기한도 넉넉하고 좋네요~
121,5,조리원에 있을때부터 아기가 먹던 거라서 계속 먹이고있는데 좋아요ㅎㅎ
122,5,배송도 빠르고 잘받았어요 저렴하게 잘산것 같아요다음에 또 구매할께요
123,5,조리원에서부터 먹인거라 먹였는데 아기가 잘먹고 응가도 잘하네요 ㅎㅎ
124,5,급하게 주문했는데 다음날 바로 받았어요~ 유통기한도 길고~넘 좋네요~~^^
125,5,"조리원 나오고부터 계속 이것만 먹이고 있어요 ㅋ
게워내거나 토함 없어요 ㅋ
조리원에서 다른 분유 먹을때도 없긴 했어요 ㅋ
다른 아기들도 이틀에 한번 변 보나요?
분유 때문인지 체질 때문인지
변 때문에 고민되긴 합니다"
126,5,분유가 잘 녹고 아이가 잘 먹어요. 소화도 잘되는지 먹고 잠도 잘 자네요
127,5,조리원에서부터 먹어서 재구매했어요~ 유통기한은 23년까지 넉넉하네요~
128,5,"마침 딱 분유가 떨어졌는데 도착했어요!
굿타이밍~~~잘먹고있습니다!
앞으론 넉넉히 주문해야겠어요ㅠ"
129,5,분유를 바꿔보려고 주문했는데 배송도 빠르고 저렴하게 잘산것 같아요.
130,5,가성비 좋은거 같구요 배송도 엄청 빨라요 포장 상태 좋네요. 잘 쓸께요
131,4,"배송이 대단히 빠르고, 상품이 사진상 설명과 똑같았어요. 만족합니다."
132,5,애기가 거부없이 넘 잘먹고있습니다!잘 흔들어주면 분유도 잘 녹아요:)
133,5,다른곳은 분유없다고 배송연기되는데 이마트는 바로와서 너무 좋아요~
134,5,"조리원에서 먹여서 계속 먹였어요.
아직까진 변도 잘보고 잘자고 배앓이도 없네요^^
지금 80일되었어요"
135,5,"아기가 잘 먹어요 ! ^^ 앱솔루트 명작 1단계로,맛있게 잘 먹일게요 ㅎㅎ"
136,5,"믿고 먹는 명작이에요~
첫찌도 먹었고 지금 둘찌까지 잘 먹고있네요.ㅎ"
137,4,가격도 저렴하고 무엇보다 배송도 빨라좋네요 유통기한도 넉넉합니다
138,5,출산 병원과 조리원에서 먹던 건데 탈나지 않고 잘 먹어서 구매했어요
139,5,"얼마전 타 사이트에서 그냥 구매했을 땐 사이즈가 작은거였더라구요. 그래서, 이번엔 확인하고 잘 샀습니다. 감사합니다."
140,5,급하게 주문했는데 3일만에 받았어요. 어쩔 수 없이 마트에서 샀네요.
141,5,재구매했습니다 여기가 가장 저렴하고 상품도깔끔하게 배송해주세요
142,5,"배송빠르고 좋아요
미리 준비못했는데 롯데마트때문에 안심이 되네요"
143,5,타 분유 먹을때 보다 잘 먹어요^^그냥 스푼으로 떠먹는데 맛있네요ㅎ
144,3,첫째 둘째 모두 열심히 먹고 잘 크고 있어서 안심이어요 많이 파셔요
145,5,"배송도 빠르고 아ㅡ주 좋아요
아기가 분유를 잘받아들여 덜개어내요"
146,5,유통기한도 길고 배송도 빠르고 가격도 싸게 사서 너무 만족해요!!!!
147,5,"다른 데보다 저렴하네요
조리원에서 쓰던 거 그대로 먹이고 있어요"
148,5,물에 완전히 잘 녹지는 않지만 아기한테 잘 맞는 분유라 구매했어요
149,5,마침 분유가 떨어져 급했는데 바로 배달와서 좋았어요! 고맙습니다~
150,5,조리원에서 먹이고 있던 것으로 구매했어요.아기가 잘먹어주네요^^
151,5,상품이 저렴하고 무배에 깔끔 배송까지.. 애기 가진 엄마로써 이리 좋은 조건을 찾기 쉽지 않더군요 검색만 1시간해서 가성비 좋은 제품을 구할수있엇습니다 앞으로도 좋은 상품 저렴하게 구할수있으면 좋겟습니다
152,5,"좋아요~ 병원, 조리원에서 먹였던 분유라 선택했어요~ 감사합니다~"
153,5,가성비분유 너무만족스？l워요항상감사합니당 잘먹을게요울 애기
154,5,아기가 병원에서부터 먹던거라 주문했어요 유통기한도 넉넉해요!!
155,5,잘 먹고 있어요 그런데 잘 녹지않아서 잘 섞이지가 않는것같아요..
156,5,"1단계는 행사 잘 안하는걸로 아는데, 카드할인으로 잘 구매했어요~"
157,5,다시는 여기서 주문안할래요 배송 넘느림 ㅜ 기다리다 숨넘어갈뻔
158,5,좋아요. ㅇ미터넷으로 사기 잘햇어요. 매번 마트 가기가 힘들어서.
159,3,상품은 좋은데 배송이 계획된 날짜에 도착하지 않아서 아쉽네요...
160,5,마트에서 한통사다가 먹여보고 아이가 잘 먹길래3통 주문해봤어요
161,5,첫째때 먹던거라 샀는데 다른 곳엔 신제품이 있요? 재고인가봐요.
162,5,첫째아이가 잘 먹어서 둘째 먹였는ㄷ 배앓이 땜에 ㅠㅠ 바꿨네요
163,5,요새 분유값이 다 올라서 이 정도면 나쁘지 않은 가격이네요ㅠㅠ
164,5,명작만 먹이고 있어요소화도 잘되고 토한번 안했네요번창하세요
165,5,병원 수유실에서 쓰고있어서 구매했습니다.\n아기가 절 먹어요^^
166,5,급하게 주문했는데 배송빨라서 감사했어요다른곳보다 저렴해요
167,5,분유 명작으로 바꿔보려고 샀어요~ 아직 안먹여봐서 모르겠네요
168,5,좋아요 그런데우리아가는 이분유먹으면3일에한번 응아해요ㅎㅎ
169,5,브라비에 넣어서 자동으로 분유 타는데 기계랑도 잘맞고 좋아요
170,3,"잘 먹긴하나 우유를 잘 게이는 편이에요, 분유가 잘 녹진 않아요"
171,5,신생아먹였는데 잘 안맞는지 탈이나서 ㅠ 바꿨어요 ㅜ 아쉽네요
172,5,리뉴얼 전후 모두 먹였는데 아이가 둘다 잘먹어줘서 다행이에요
173,3,사고보니 명작 리뉴얼전제품이네요;; 초보맘이라 급하게 산다는게 잘못봤네요 ㅠ 먹고괜찮길..
174,5,"국내 분유중에 젤 문안한거 같아요!
조리원에서 먹던거보단 배앓이 덜 하는거 같아서 만족입니다!"
175,5,배송이빨라요~ 리뉴얼전걸 찾았는데 쟁여놓을수있어서 좋네요~
176,4,분유 바꿔타면서 주문했어요~ 가격도 저렴하고 빠르고 좋아용^^
177,5,"지정 시간내에 잘 도착했어요
포장상태도 깔끔하게 잘 왔습니다"
178,4,안심배송 좋아요. 박스안에 분유도 하나씩 분리되어맘에들어요
179,4,"유표기간 넉넉하고 포장도 잘되어 도착했어요
저렴히 잘 샀네요"
180,3,코로나로 마트에 가서 사기가 좀 그랬는데 배송도빠르고좋아요
181,5,배송하루만에 왔어요~~저렴한가격으로 구매했습니다^^만족해요
182,4,저렴하게 잘 구매했습니다 아이도 잘 먹고 황금변 보고 있어요
183,4,조리원에서부터 먹고 있던 분유라 계속해서 잘 먹이고 있어요~
184,5,빅스마일데이라 그런지 배송은 좀 늦었지만싸게 잘구입했어요
185,4,"아기가 태어날 때부터
먹었습니다
덕분에 저렴하게 구매했네요"
186,5,"애기가 조리원부터먹던거라 먹여요
잘목고 황금변도 잘나와요"
187,5,"아기가 요분유 잘 먹어요
입자가 고와서 잘 녹아요
잘 먹을게요"
188,5,작았던 우리아기 명작 시리즈 먹고 아주 잘 크고 있습니다. ^^
189,4,마트에선 수량이 적거나 품절일때가 많아서 여기 주문합니다.
190,5,둘째아이 분유양이 늘어나서 언능 구매하게되었네요~~잘먹어서 만족합니다.첫째때도잘먹었는데 둘째역시ㅎㅎ
191,5,생각보다 아가가 분유를 많이먹어 늦게 주문했는데 딱 맞게 도착해서 좋았습니다 감사합니다^^
192,5,잘먹어서좋네요. 뚜껑은 남양것이더 부드러운거같긴하지만..
193,4,오늘 도착하자마자 바로 타서 먹였습니다. 잘 먹는거 같네요.
194,5,배송도 빠르고 포장도 견고하게 잘되어 있어요.^^많이 파세요
195,5,배송도 빠르고 다른곳보다 할인된 가격으로 싸게 구입했네요
196,4,지금은 끊었지만 분유 먹는동안 별탈없이 잘 먹고 잘 컸어요~
197,5,상품의 찌그러짐이 없이 잘배송대고 날짜도 넉넉하니 좋아요
198,3,40ml 스푼만 들어있네요20ml 스푼이있으면 좋을텐데 ㅠ800그람 처음사봤어요아이엠마더 먹고있았는데 잘 적응하길 바라요
199,5,조리원에서 받아서 먹여봤는데 잘먹길래 주문했습니다 ㅎㅎ
200,5,매일 분유에서 뭐 먹일까 하다가 명작 많이 먹이길래 샀어요
201,5,60일 된 조카가 먹고 있는 분유입니다~ 할인 받아 좋은 가격에 살 수 있어서 좋았습니다. 앞으로도 자주 할인해주세요~ ㅎ
202,5,분유가 똑 떨어져서 고민했는데 새벽으로 안전하게 받아서 좋다 분유를 바꿨더니 아기가 아주 잘 먹는데 맛있나보다
203,4,분유는 많이 먹지 않지만 1단계 아니면 더 잘 안먹어요 2단계는 먹으면 설사도 하고 올리기도하는 1단계는 그나마 잘먹고 소화도 잘시키는 편입니다
204,5,"아주 마음에 듭니다.^^
잘 먹겠습니다.좋은 물건 저렴하게 사서 좋아요.
앞으로 자주 이용 할께요.!^^"
205,5,영양만점 앱솔루트 명작 만족스럽습니다. 계속 시키려구요.
206,5,요즘 분유도 가격이 훅훅 뛰어오르는데 그나마 싸게 샀네요
207,5,카드할인받아 알뜰히 구입. 당일 배송이라 급할때 좋아요.
208,5,"배송도 빠르고 저렴하게 구매했어요
자주 애용하겠습니다^^"
209,5,아기가 조리원에서 부터 먹던거라 계속 잘먹고 있습니다~^^
210,5,"타사이트보다 할인된 가격으로 구매했고, 배송도 빠릅니다"
211,5,하루만에 왔는데 좋네용 쿠폰이용해서 저렴히 잘 샀았어요
212,5,배송 최고로 빠름조리원에서부타 먹던거여서 쭉 먹고있음
213,5,배송 겁나 빨라서 놀랬어요 유통기한도 넉넉해요 좋아요^^
214,5,우리 아기가 잘 먹고 황금변봐서 쭈욱 먹여요 매일 좋아용
215,5,배송빠르고 상품 좋습니다. 가격도 싸게 사서 너무 좋아요
216,5,"조리원에서부터 먹이던 분유, 덕분에 잘 주문했습니다~~ :)"
217,5,이제 3주 된 신생아 별 탈없이 잘 먹고 잘 자라고 있습니다
218,5,할인 쿠폰생겨서 또 샀어요어차피 먹는거 쟁여놓을라구요
219,5,처음사보는데 후기가 좋아서 구매해봤어요.써보면 알겠죠
220,4,신생아 때부터 먹어서 구입했는데 배송도 빠르고 좋네요~
221,5,"항상이곳에서주문하고있어요..
위드맘은.성분보존면에서매우뛰어나요..
신생아일때는..개워내고해서..분유를갈아타야하나고민도했지만..역시나성분보존때문에..유산균함께먹여가며..먹였어요..
아주무럭무럭잘자라서100이되어가요..
신생아들은..아직은..소화기관이..다자란상태가아니라는것임을인지하고..먹이니..분유유목민이안되었네요~^^
지금은..트름도잘하고..개워냄도없어요"
222,5,"아~진짜 배송 너무 빨라요! 감동입니당ㅋ.ㅋ
일요일에 시켰는데 지금 월요일 오전에 받았어요..조금 남았길래 주문해서 화~수나 오겠지 했는데 일요일인데 발송해주시고 감사해용👍
저번 구매때도 빨리 보내주셔서 이번에도 주문했어용! 파스퇴르 아기가 잘 맞는지 잘 먹어서 빨리 떨어졌어용😁 6개월까지 먹이는 거였네용ㅋ다 먹어 갈때쯔음 또 주문하겠습니다!"
223,5,"완모 아기인데, 막수만 먹일라고 홈플에서 구매해봤는데 잘 먹어서 온라잉으로 최저가로 구매했네용ㅋ유통기한도 넉넉하고 엄청 나게 빠른 배송에 감동했어용~! 메* 산양분유 먹이다가 아이가 안먹어서 요걸루 바꿔보았는데 잘 먹길래 주문했어용😆전에 먹던 분유보다 너무 잘 녹아서 편하네요!! 입자도 너무 부드럽고 고운느낌이구용!!
이제 막 6개월을 향해가고 있어서 한통만 주문했어용ㅋ2단계도 여기서 구매할게영!!"
224,3,"cj택배인지 모르고 주문했네요..
파업지역이고 물품발송은 되었다고했지만 배송조회가 되지않아 택배사에 직접 전화 문의 했는데 아직 인계전이라는 답변을 받고 혹시 몰라 마트에 주문해놓고 기다리다 오후에도 같은 상황이길래 안오는구나 싶어서 마트에가서 받아왔더니 타 택배사로 와있었네요..
판매자분께 확인요청 드렸는데 cj라 하시고..
실제로 발송되는 송장번호를 알려주셨음 이중으로 살 필요는 없었을텐데..
직접 보내는게 맞는지 의아스럽긴 하지만
파업지역인데도 불구하고 대체 발송으로 하루만에 온거랑 제품은 만족합니다"
225,5,이제 40일차 우리 아기 위해 늘 먹이던 1단계로 주문해야겠다 생각했는데 2단계가 와서 당황했지만 주문내역을 보니 제가 상세옵션에서 2단계를 클릭했더라구요...😂 수면부족이 이렇게 무섭습니다.. 다행히 유통기한 넉넉해서 아기 2단계 먹을 때쯤에도 완전 넉넉할거 같아요! 배송 빨라서 여기서 1단계도 마저 주문했습니다!
226,5,배송이 엄청 빠르더라구요 유통기한도 21년까지로 넉넉하고요 급하게 필요했는데 가격도 싸게 나와서 바로 구매했네요 뽁뽁이로 안전 포장 되어서 왔구요 찌그러진거 하나도 없었어요 위드맘은 먹던거라 유산균이 들어있어서 그런가 매일 1일1변이네요 재구매의사있어요~
227,5,여태 분유시켜？f는데 여기처럼 낱개를 비닐로 꽁꽁싸서 보내준곳은 처음 이네요 ㅎㅎ 저번에 다른곳에서 시켯을땐 찌그러진분유통을받앗던적이잇엇는데 괜히 좀 그랫엇거든요 ㅎㅎ 여긴 낱개비닐포장이라 정성이느껴져서 기분좋더라구요 감사합니다
228,5,"마감시간을좀넘겨서..조마조마했는데..배송해주셨어요..감사합니다~~꾸벅
아이돌보느라..주문하는시간이좀늦어졌었는데..배송해주셔서너무좋아요~^^
항상이곳에서주문해서..아이먹이고있어요~
돌이지나서..단계를가꾸고있는데..
잘적응하며..먹고..잘자라고있어요~"
229,5,"우리아기 소화력이 떨어져서 위드맘으로 바꿨어요
전에 먹던 분유와 섞여 먹이고 있는데 괜찮은거 같아요
유산균이 들어있어 장건강에 좋다고 하니까 믿고 먹여보겠습니다"
230,5,신생아때부터 먹는거예요~ 2단계로 가면서는 잘 섞어주어야해요~ 간간히 덩어리가...ㅜ하지만 변도 좋고 소화도 잘되는듯해서 항상 감사하게 먹이고 있답니다~
231,5,출산때 파스퇴르 제왕분유를 선물받아서 먹였는데 너무 영양분이 많은건지 걸죽하고 아이가 소화를 못하길래 이걸로 단계를 낯춰봤더니 소화도 잘하고 잠도 잘자서 이것만 먹이고있어요~
232,5,분유 한통 더 있는 줄 알고 안 시키고 있다가 똑 떨어진걸 뒤늦게 알고 구매한 다음날 바로 와서 다행이었어요~ 아니었으면 마트 달려갈뻔… 유통기한도 넉넉하게 좋아요!
233,5,"빠른배송 좋습니다.
제가 실수로 1개로 해서 다시 주문해야되는
멍청한 짓을 했네요.

뭐 리뉴얼됐다고 하더니, 약간? 전보다 살짝 들 녹아요
약간의 알갱이가 보인다? 정도"
234,5,저희 아가랑은 잘 맞는것 같아요~ 잘 안 먹어서 바꿧는데 분유바꾸고 나서 수유량이 많이 늘어서 이제 900까지 먹네요. 1단계 완료하고 이제 2단계로 넘어왔어요. 그리고 잘 녹고 제입에도 더 맛있는 것 같네요
235,5,첫째때부터 쭉먹이던거고 이번에 깜빡하고 급하게 시켰는데. 다행히 주문다음날 바로와서 너무좋았어요 빠른배송.꼼꼼한포장 만족입니다~
236,4,한 캔이 찌그러져서 왔는데 교환 귀찮아서 그냥 먹입니다 파손되지 않게 포장에 좀 다 신경써주시면 좋을 것 같아요 아기가 잘 먹는 분유라 만족합니다
237,5,산후조리원에서부터 아기가 잘먹어서 쭉 먹이고 있어요. 40도에 쉽게 녹아서 1초가 아쉬울 때 좋아요. 배송도 빨라요.
238,5,"아기랑 잘 맞는 분유 찾던 중인데
물에 엄청 잘녹아욤
며칠 안묵여서 아직은 잘 모르겟지만
잘 맞았우면 좋겠어요ㅠㅠ"
239,5,위드맘100일제왕을병원에서부터먹였어요~~이제다음단계로넘어갈시기라주문해봤어요~^^ 파스퇴르는..성분보존면에서..믿음이가는브랜드입니다..우유도너무잘먹고있는브랜드이기에..믿음이더가요
240,5,"한달동안 한통반정도 먹었어요 혼합했거든요
근데 애가 딱히 거부하거나 변비및설사 없었고 아직 잘 먹이고있네요"
241,5,꼼꼼하게 포장되어 와서 좋아요급하게 시킨건 아니라 다행인데배송은 빠르진 않네요가격이 타사몰보다는 비싸지만 급해서 시켰어요
242,1,초록색 저렴하길래 함 먹여봤는데애가 배앓이를 하고똥도 잘 안싸요 ㅜㅜ그래서 위드맘 제왕으로 바꿨어요
243,4,"첫아이때 먹이던 제품인데.
둘째는 조리원에서 먹던 분유를 쭉 먹이다가 ㄱ메속 녹변을봐서 바꿨어요.
역시.황금똥은 위드맘이네요"
244,5,아기가 1단계로 넘어가면서 첨 먹여봤는데 다행히 응가도 잘하고 잘 맞는것같아요^^ 빠른 배송도 좋았어요
245,5,첫째때 부터 먹이던 거에요~ 택배 파업이라 급했는데 하루만에 와서 너무 다행이었어요~ 번창하세요~
246,5,빠르게 받아서 너무 좋아요 롯데택배가 제지역이 또 발송불가라서 씨제이 이용하시는 곳 찾느라 고생했어요 너무 좋습니다!
247,5,임시공휴일때문에 최대한 빠르게 받아볼수 있는걸로 알아보다가 주문햇어요! 배송도 다음날 바로 도착해서 잘 받았어요!
248,5,막내가 바꾸고나서는 매일 먹는거예요 다른거 먹여봤는데 안맞아서 위드맘으로 바꿨어요
249,5,조리원 나오고 나서부터 아기가 잘 먹고 잘 싸서 또 주문했어요~ 지난번에 2단계도 실수로 주문해서 우리 아기는 위드맘으로 쭉 갈듯 해요~
250,5,"조리원에서부터 먹이고 있는 위드맘이에요
7개월째 별탈 한번 없이 너무 잘먹고 있어요!"
251,4,"포장은 잘되어서 분유는 괜찮을거라 믿고 받았습니다
박스가 훼손되어왔어요 별하나 빼요
생선썩은내가 진동하네요 박스에서..;;"
252,5,신생아가가 조리원에서 먹던 제품이라 바꾸지않고 먹고있습니당~~ 잘녹아서 좋아용
253,5,지난번에도 주문했었는데요. 배송도 빠르고 유통기한도 넉넉해서 매우 만족합니다.
254,5,"유통기한도 넉넉하고 잘받았습니다
근데 하나가 뚜껑도열려있고 찌그러져있어서
뚜껑 닫기도힘드네요 ㅡㅡ"
255,5,잘먹던 분유인데 5개월차되니 자꾸 토하네요..그래도 먹던거라 구매했는데 분유문제는 아닌듯하지만 이번것만 먹고 슬슬 변경해야될꺼 같네요
256,5,유통기한이 매우 넉넉하고 좋은 제품을 저렴한 가격에 구입해서 만족스럽습니다.
257,5,물에 잘녹아서 좋아요 아가들이 계속 잘 먹고있습니다 다먹으면 재구매할거예요
258,5,배송 연락없이 경비실에 맡긴줄 알았는데 남편한테 연락 갔었네요ㅜㅠㅋ포장은 개별 뽁뽁이로 잘 받았어요~
259,5,막내 먹는 분유라서 떨어？때쯤 항상 주문해요. 가격도 적당한거같아서 좋아요
260,5,"상품깨지지않고 잘왔습니다
방귀냄새독하고 무를변 싸다가 친구추천으로 먹이기 시작했는데 독한냄새 사라지고 황금변 누기 시작했어요"
261,5,태어나서부터 계속 위드맘먹이다가 100일 지나 1단계로 업하려고 구입했어요.
262,5,타사 분유가 맞지않아 바꾸게 되었는데 황금변 보고 아가도 잘먹구 분유도 잘녹아요^^쭉 먹여봐야겠네요~~
263,5,저렴한 가격에 잘삿어요! 한 캔이 찌그러져 왓는데 담부터는 신경써주세요
264,5,"우리아기 분유 위드맘으로 믿고 먹이고 있어요
별탈 없이 잘 먹고 있습니다"
265,4,금액도 타 사이트보다 저렴하고 포장도 흔들리지 않게 꼼꼼히 해주셨네요.
266,5,"항상 먹는거라 또 주문했어용!!
매번 빠르게 배송해주셔서 감사합니당❤️"
267,5,유통기한도 내년 까지로 넉넉하고 포장도 에어캡으로 잘 되어서 왔어요^^!
268,5,잘녹네요 아가도 잘먹고 응가색깔도 황금색이네요~명작 먹이다가 단계올리면서 바꿨어요 만족합니다
269,5,계속 먹던분유예요 원래 잘토하는 아이라서 그나마 좀 잡아주는거같아요
270,4,다른분유 먹다 아기가 변비로 고생해서 유산균이 들어있는 위드맘으로...
271,5,3번째분유를바꾸고위드맘정착했습니다대변도잘보고배앓이도하지않아요
272,5,배송 빠르고 캔 찌그러짐도 없이 잘 도착했어요~유통기한은 일년 넘네요
273,4,분유 하나가 찌그러져왔습니다 아기들이 먹는건데 포장 신경좀써주세요
274,5,신생아 아기가 속편하게 소화시킬수있다해서 분유 갈아탈겸 구매햇어요
275,4,저희애기는 이걸제일잘먹네요다른분유 120먹던거 이거먹인이후엔200정도먹어요애기들마다 차이는있겠지만요
276,3,조리원에서 쓴거라 계속 썼는데 토를 많이해서 다른 분유로 바꿨어요
277,5,매번 시켜 보지만 대변도 잘나오고 아이도 잘 먹는거 같아 좋아요~~!!
278,5,"우유 못드시는 어머니 칼슘 보충용으로 사드렸는데
좋다고 하시네요."
279,5,가격도 괜찮고 배송도 빨라서 너무 좋네요.. 2단계로 또 주문했어요~
280,5,조리원에서부터 현재 4갤까지 먹이는데 별탈없이 잘 먹고있어요^^
281,5,아이가 먹고 있는거라서 구매했어요. 포장 깔끔하게 잘 왔습니다!
282,4,물건은 좋아요. 1단계 제품은 포인트 적립이 안되서 좀 아쉽네요.
283,5,"큰애때부터 먹이던 거라
작은애도 시켰는데 잘 먹어요
황금똥 굿"
284,5,"배송도 빠르고 감사합니당
다떨어졌을때 딱맞춰서 도착했어용"
285,5,빠른 배송 만족 하구요.제품도 좋네요 마니파세요. 번창하시길
286,5,지금 먹는 분유가 안 맞아서 갈아탈려고 샀어요. 첫째 둘째 다 위드맘 먹여서 샀어요.셋째도 잘 먹어야 할텐데. 먹여보고 다시 후기 쓸ㅋ게요
287,5,배송도 빠르고 다른곳 비교해도 여기가 제일 저렴해서 재구매 했어요 12통 샀는데 또 떨어지면 재구매 하려구요😊
288,5,시조카 선물로 줬어요 아주 마음에 들어하드라구요 잘샀어용
289,5,아가 신생아 때부터 쭉 잘 먹고 있어요~돌까지 정착하려구요.
290,5,우리 아가에게 가장 잘 맞는 분유를 찾은 것 같아 기분 좋다.
291,5,"분유 단계올리려는데 모자라서 급 주문했는데
빠른배송으로 와주셔서 다행히 잘먹였어요!!!"
292,5,안전 배송. 유통기한도 길고 할인할때 사서 잘 산것같아요^^
293,5,"분유도 잘 녹고 아기가 잘 먹어요^^
계속 구매예정이요ㅎㅎ"
294,5,조리원부토 지금까지 계속 이용하는 위드맘 무항생제 제품
295,4,조리원에서 먹던거라 집와서도 먹임잘녹고 나름 괜찮은데먹다가 배앓이와서 갈아탑니다.
296,4,꼼꼼하게 포장도 해주시고 저렴한 가격에 잘 구매했어요:)
297,5,넉넉한 유통기한 빠른 배송 저렴한 가격 늘 시킵니다 굿굿
298,5,아이가 잘 먹어서 좋아요~~ 저렴하게 잘 구매했습니다 :)!!
299,5,배송이 빨라서 너무 좋아요 ^^ 아이가 아주 잘먹습니다~~:)
300,4,소화도 잘 시키고 먹고 난후 한번도 개워낸적이 없어요^^
301,5,아기가 잘먹어요 한스푼씩 섞어주는데 잘녹고 좋숩니다
302,5,배송도 빠르고 제조일도 넉넉하고 저렵하개 구입했어요
303,5,2개월 아기 먹던 분유 바꿨어요. 변은 하루 한번 약갈색으로 보고 잘 먹어요. 계속 먹이려구요.
304,5,배송이 엄청 빨라 놀랐습니다^^ 덕분에 기분이 좋네요~
305,5,"원래 먹던 건데, 좋은 가격에 올라와 또 구매했습니다."
306,5,"가루도 잘녹고 애기가 잘먹어요^^
다먹고 재구매할께요"
307,5,"소화 진짜 잘돼요
아이가 잘 먹고 황금변도 매일 봐요^^"
308,5,배송빠르고 잘안먹는 아긴데 그나마 위드맘만 먹네요
309,5,잘받아서 잘이용하고 있어요 아기가 잘먹어서 좋네요
310,5,맛있어요 진짜 치즈가 쭉쭉 근데 사이즈는 좀 작아유
311,5,조리원에서 먹던거라 주문했어요~ 잘녹고 괜찮네요^^
312,5,배송도 엄청 빠르고 유효기간도 길고 아주 만족해요
313,5,배송빠르게잘받았어요.비교적저렴하게구입햇네요^^
314,5,배송빠르게 와서 넘 다행이에요 ㅎ아기가 잘먹어요
315,4,늘 주문하는 제품이예요 저렴하고 아기가 잘먹어요
316,5,문의드렸을 때 친절하게 응대해주셔서 감사했어요
317,5,"늘 아기가 잘먹는 분유예요!
배송도 빠르고 좋아요^^"
318,5,꼼꼼히 잘포장되고 빠르게 보내주셔서 감사합니다
319,5,제일 싸게 구입한 듯 합니다. 찬 물에도 잘 녹아요~
320,3,가격대비 괜찮네요. 일단은 사용해보고 있습니다.
321,5,녹변을보나배탈이없고 개움도 없어서계속머거요
322,5,조리원에서 먹이던거 그대로구매했어요^^좋아요
323,4,지난번에 구매한곳보다 유통기한이 더 짧네요...
324,5,좋아요~이렇게 놓여있으면 마음이 든든합니다~^^
325,5,앱솔루트 명작보다 이게낫네요역시 파스퇴르입니다신생아인 울아들 잘먹습니다
326,5,배송도 빠르고 박스에 포장해서 갖다주시넹요~~
327,4,매달 주문하고 하고있어요 배송도 빠르고 포장도 꼼꼼해요 특히 가격이 저렴해서 좋아요 아가가 잘먹어요:)
328,3,아기가 항상 먹는.. 근데 가격이 점점 올라가는
329,5,빠른배송으로 아기가 잘 맞아서 좋은것 같아요
330,5,애기 태어나서부터 요제품만 먹이구 있어요!!!
331,5,친구추천받고 주문했어요 황금변눠서 좋네요!
332,5,믿고 먹이는 위드맘 저렴하게 잘 구매했어요^^
333,5,유통기한도 넉넉하고 가격도 저렴해 좋았어요
334,5,"포장 꼼꽁히 잘왔어요
안에 적립코드는 없네요"
335,4,조카에게 선물했는데 비싸지만 좋은것 같네요
336,5,배송빠르게오고 뽁뽁이로 이중포장 좋았어오~
337,5,배송이 꼼꼼 포장 잘해서 빨리 보내주셨어요~
338,5,아기분유 먹던건데 싸게구입한거같아 좋네요
339,5,배송도 빠르고 저렴하게 구매했어요만족해요
340,5,조금씩 뭉치긴 하는데 아기가 잘 먹으면 됐죠
341,5,"울아가 아주만족하는 분유입니다
배송빨라요"
342,5,배송도빠르고 제품도 좋아서 잘먹고있어요
343,5,무항생제 분유라 아이에게 잘 맞는 것 같다.
344,5,아기가 곧 백일이라 1단계 미리 주문해써여
345,5,아이가 잘 먹습니다~ 굿굿 배송도 빨랐어요
346,5,분유 바꾸고 아기가 배변도 잘보고 좋아요.
347,4,유통기한은 그전꺼보단 짧긴한데 괜찼아요
348,5,배송빠르고 잘먹어요. 변도 잘보고 좋아요
349,4,다른분유에 비해 잘 녹고 아이가 잘먹어요
350,5,날짜 넉넉히 있는 상품이라 더 좋았습니다
351,5,아기가 잘먹어요.트림잘하고 응가 좋아요
352,5,4개월째1단계먹어요~계속먹일생각입니다~
353,5,하두평이좋아서우리손주잘먹거잘크라구~
354,5,아이가 먹는거라 주문해요 배송빠르구요~
355,5,늘 먹이던거 저렴하게 잘 구입했습니다!
356,5,칼배송좋어요 유통기한 내년까지입니다
357,4,아이가 잘먹고 배앓이없고 변도 잘눠요
358,5,항상 먹이는 제품이에요 잘 받았습니다
359,5,좋아요감사합니다 다먹고다시시킬께요
360,5,배송도 빠르고 유통기한도 넉넉해요ㅎ
361,5,아기가 배앓이 없이 잘 먹어서 좋아요~
362,5,가격도 싸게 잘샀서요종종 구매할께요
363,4,아이가 이 분유 먹고 한번도 개워내지않았어요 아이한테 잘 맞아서 너무 좋아요^^
364,5,아이가 잘먹고 배송도 빨리 잘왔어요!
365,5,늘 구매하는제품다른곳보다 저령해요
366,4,착한 가격에 잘삿어요 배송도 빨라요
367,4,배송도 빠르고 유통기한도 넉넉해요!
368,5,아이에게 잘 맞기를 바랴봅니다 ㅠㅠ
369,5,유통기한도 길고 저렴하게 잘 샀어요
370,5,원래먹던거예요 싸게잘구매했습니다
371,5,"배송도 빠르고, 잘애용하고있어요~^^"
372,5,저렴한 가격에 구매해서 만족합니다
373,5,애가 잘먹어서 계속 구매하고있어요
374,5,항상 먹던거라 믿고 구매합니당ㅎㅎ
375,5,어제 저녁에 주문햇는데 오늘아침에왔어요ㅋㅋ 다먹고 또 주문하러올게용
376,5,잘녹고 잘 먹습니다 싸게 잘 샀어요
377,5,"감사합니다
신생아한테 잘 먹일께요"
378,5,아기가 잘먹어서 계속 시켜 먹여요.
379,5,첫째때부터 먹이고 있는 분유예요^^
380,5,계속 먹이고있어요 아기가 소화도 잘시키고 잘먹어서 계속 먹일예정이에요
381,5,배송이 엄청 빠르내요. 잘먹이께요
382,5,아이가 잘 먹어서 또 주문하려구요
383,5,빨리 배송받아 잘 먹이고 있습니다
384,4,꾸준히 먹는거라 믿고 구매합니다
385,5,잘먹고 가격도 합리적인거 같아요
386,5,소화가 잘 되요. 늘 황금변이에요.
387,5,아이가 소화를 잘 시키는거같아요
388,5,아기가 맛있게 먹었으면 좋겟어요
389,5,먹고 변도 잘보고 잘크고 있네요^^
390,5,"첫째 부터 둘째까지 쭉 먹이고 있는 분유!배앓이도 안하고, 꿀떡꿀떡 넘 잘 먹어요"
391,4,아이가 무탈하게 잘먹고있습니당
392,5,배송빠르고 유통기한도 넉넉해요
393,5,40도에 뭉치는거없이 잘 녹습니다
394,5,배송도 빠르고 싸게 잘 샀습니다~
395,5,늘시키는곳인데 친절하고 좋아용
396,5,물에도 잘 녹고 아기가 잘먹어요!
397,5,저렴한 가격 빠른 배송 감사해요
398,5,아기가 잘먹어서 이것만 시켜요.
399,5,늘먹던 제품입니다. 번창하세요.
400,5,배송항상빠르고 포장도굿이에요
401,5,늘 먹던거라 늘 주뭄하고 있어요
402,5,적립금 써서 저렴히 구매했어욤~
403,5,무항생제라해서 구입해봤어요~~
404,5,늘 아기가 먹던거라 주문했어요
405,5,배송 빠르고 유통기한도 기네요
406,5,애기가 잘먹어요. 똥도잘싸구요
407,5,급해서 주문했는데 빨리 왔어요
408,5,배송도 빠르고 아이도 잘맞아요
409,5,아직 1단계 먹는아인데 이제 2단계로 넘어갈때되서 추가 구매했습니다 아이가 잘먹어요 배송도 빠르고 좋습니다
410,5,빠른배송으로 잘먹이고있어요~
411,5,아이들이 잘먹네요 감사합니다
412,5,배송 빨리 해 주셔서 감사해요~
413,5,유통기한도 넉넉하고 좋아요ㅎ
414,5,항상.빠른 배송에 만족합니다:)
415,5,"50일 아기 먹고 있어요~~
아기 소화력이 괜찮은건지 어쩐지 모르겠지만 잘 게워내지 않고 잘 먹어요~~:-)"
416,5,저렴하게 구매 잘한거 같아요~
417,5,배송빠르고 잘선택한거같네요
418,5,배송빠르고 상품잘받았습니다
419,5,빠른 배송 좋은 상품 감사해요
420,5,배송 빠르고 믿고 구매합니다
421,4,저렴한 가격에 재구매 했어요
422,5,늘 먹는 거 저렴히 잘 삿어요!
423,5,계속먹고있어요위드맘좋아요
424,5,유통기한 넉넉하고 잘먹어요~
425,5,아이가 잘 먹네요~다행이에요
426,5,배송도 빠르고 잘 받았습니다
427,5,항상 먹이던 제품이라 좋아요
428,5,23년 1월 제품으로 잘받았어요
429,5,배송 빨라요 파손없이 와써요
430,3,배송이 신속하고 안전하네요
431,4,아이가 먹는거라 주문했어요
432,5,이분유먹고 황금변을 보네요
433,4,먹이던 제품이라 구매했어요
434,5,좋아요 계속먹는 제품입니다
435,5,이분유만 맞아 재구매합니다
436,4,아기가 잘먹어요배송빨라요
437,5,좋치만 애기한테안맞아여ㅠ
438,5,만족하며 잘먹이고 있어요^^
439,4,잘 받았습니다 많이 파세요
440,4,만족합니다 잘먹이고있어용
441,5,"저렴하고 크기도 알맞아서 애기 쉬하먄 바로바로 갈아주기 좋아요
오줌이나 응가도 잘 새지않고 만족하며 쓰고있어요 우리애는 아직 5키로 후반대예요
다만 다른 기저귀보다 좀 특유의 냄새가 나기는 하는데 나름 적응이 됐네요
은근히 많이 쓰이는 때라 부담없이 쓸수있는 것이 가장 만족스러워요"
442,4,"보솜이 잘 썼어요!
한팩 쓰는동안 한번도 새거나 한 적 없었고 괜찮아서
타 사이트에서 중형 사서 쟁여놨네요
기저귀 중국제조가 많던데
보솜이는 국내제조라 좋아요
다만 밴드부분이랑 겉면이 뻣뻣한 느낌이 있어서..
엄마 손 닿는곳이라 아기한테는 큰 문제없는건지 암튼 좀 더 부드럽게 개선되었으면 싶어요"
443,5,애기 태어나서 부터 금방 금방 자라는 3개월 시기까지 보솜이 열심히 사용했어요. 분명 6kg까지 사용인데 밴드가 짧은(?)느낌이 들어서 좀 작다는 기분이 늘 있었는데 저희 아가가 생각보다 빨리 커버렸더라구요~ 붙이는 밴드부분이 은근히 날카롭다는 기분은 늘 있었는데 한달 사용 후에도 그건 같더라구요. 엄마의 마음으로는 살짝 아쉬운 부분이지만 그래도 보송보송하고 편해서 발진없이 아기가 잘 사용했어요~
444,3,여름에 하기 좋은 얇은 기저귀에요. 흡수는 나쁘지 않지만 밤기저귀로 쓰기엔 좀 불안한 감이 있어요. 찍찍이 부분은 좀 날카로워서 배쪽은 접어줘야 하고 허벅지쪽 안쓸리게 조심해야 할듯 해요. 밴드 고무줄은 등에만 있어서 탄력은 부족해요;; 아직 기저귀 정착을 못해서 이것저것 써보는 중인데 재구매는 안할듯 하네요;;
445,5,잘쓰고있어요 조리원 퇴소 시 4키로 아가라 신생아용 건너뛰고 쓰고 있는데 몸무게가 늘면서 확실히 윗단계쓰긴 해야할꺼같아요 그래도 두께도 보통이고 자주가는 용도로 만족합니다. 소변 대변 아주 많이 보는경우 아니면 엉덩이 위로 넉넉히 채워서 새는 경우가 드물었어요^^
446,5,"총알배송!!생후66일 5.1kg여아 입니다.
르소메,펨퍼스,하기스,네이처러브메데.
써보고,지금은 보솜이!!
이제 하루 써서 잘 모르 겠지만
발진은 없는거 같아요ㅡ다행!!
얇아요ㅡ.
허리부분이 다른 제품보다 ,
배꼽위로 많이 올라오지만
!"
447,4,"기저귀유목민 돌고돌아 첫째때 쓰던 보솜이로 왔네요
테스트겸 한팩만 구입했어요
타 브랜드 대비 겉면이나 찍찍이 쪽이 빳빳하달까 덜 부드러운 느낌이네요
안쪽은 엠보나 특별한 처리없구요
흡수력이나 새는지 등은 더 써봐야 할것 같아요"
448,5,"뉴본5통에 소형3통 구매했는데 이제 소형차례네요^^
115일째 아가인데 아직도 뉴본이 맞을정도로 크기가 다른제품에 비해 넉넉해서 좋아요^^
소형한번 써봤는데 뉴본보다 조금넉넉하니 지금딱 좋네요^^
일주일후 재구매 들어갑니다!!!^^
뽀송뽀송 이름 너무잘지으셨어요!!!!!!"
449,4,큰아이때 보솜이를 사용한적이 있어서 주문했어요~ 저는 이번에 하기스를 사용해보니 보솜이는 하기스에 비학서 허리부분이 부드러움이 부족한듯합니다. 그러나 기저귀는 부모님의 취향인듯해요~ 아기에게 맞는걸 사용하시는게 제일인듯합니다.
450,2,아기사용하는건데 소독 냄새라고해야하나? 그게 너무심해서 건조대에 기저귀 널어놓고 사용했네요~흡수력도 생각보다 낮아서 오래 사용하면 아기 짖물 날거같아서 바로바로 사용 했어요~ 싼맛에 바로바로 갈아줄 용도로는 좋습니다~오래 사용할 목적이라면 다른거 사용할거 같아요~^^;;
451,5,미키시리즈 소형에서 원더코튼 소형으로 바꿔서 써봤는데 개인적인 느낌으로는 원더코튼이 확실히 더 보드랍고 착용감이 편해보였어요~ 미키시리즈 소형은 컬러풀한 줄그림 때문에 쉬야 라인이 잘 안보였는데 원더코튼은 너무 잘보여서 교체시기 빠르게 캐치했어요~
452,1,"8월28일 구매했는데 9월1일 오후까지 배송준비중이라 주문 취소하고 집 앞 마트에서 사서 썼더니 그제서야 배송중이라고 바뀌며 주문취소가 안되서 반품 신청 했습니다.
9월1일 반품 처리 신청 후 13일인 지금까지 반품 처리 안됨ㅋㅋㅋ 정말 최악의 판매자네요"
453,5,50일여아인데 등치가커서 하기스는 너무 작더라구요 변이 세나올랑말랑거린ㄴ데 이건 안정감있어서 좋아요 발진은 사바사라 써보셔야 아실거고. 가성비 좋아서 2시간마다 갈아주기도 좋네요 엘지생활이라 믿고 씁니다
454,5,"빠른배송 감사해요~~!!
다른제품 썼었는데 그건 아기가 자다가 쉬 몇번하면 계속 새더라고요
보솜이는 두께감도 그렇게 두껍지않고 더 롱~해서 만
족스러워요~! 쉬야도 안새네요~ 잘쓸께요^^"
455,5,"초보엄마임.. 어떤 기저귀 살지 고민 많이 함.. 그래서브랜드별로 5개씩 들어있는 샘플 구입한후 사용결과
우리아가한테 보솜이가 딱임.. 두께감 크기 흡수력..
다 만족스러움~"
456,5,개인적으로 입히고 벗기기가 하기스보다 괜찮은것같아요. 밴드테이프 떼는 것이 훨씬 쉽고 소변줄도 잘보여요. 냄새는 좀 더 나는것같은데 사용하는데 큰문제는 없습니다. 5.2 kg 남아 착용샷입니다.
457,4,적당해요. 아기가 금방 커버려서 신생아용이 딱 맞게 되어버려서 한사이즈 큰 소형을 시켰더니 넉넉하니 좋네요. 흡수력도 이정도면 만족하구요. 기저귀 특유의 냄새도 그리 심하지 않아서 좋구요. 자주 애용할듯해요~
458,4,"신생아용 썼는데 소형으로 재구매 합니다.
조금 얇은 감도 있지만 날씨가 더워지니 오히려 더 좋지 않을까 기대해 봅니다 푹신함보다 좀 더
뻣뻣함이 있는 것 같긴 하네요"
459,4,"신생아용 샘플팩 주문하면서
보솜이도 같이주문했어요!
아직 발진이런것도 없고해서
너무잘쓰구 있어요!
크기도적당하고
딱히 새는건없어요!!!!
요커다쓰면
소형넘어가려구요!!
많이파세요!!"
460,5,하기스 쓰다가 개당 가격이 부담되 보솜이로 바꿨는데요 만족합니다 피부에 닿는 쪽이 부드럽고 밴드도 잘 늘어나서 애기가 편안해 하네요
461,4,어른 생리대로 사봤어요 확실히 보송하고 재질이 좋은데 날개형이 아니니 자꾸 새요..ㅜ 집에있을땐 하기 좋은거같아요 쓰레기양이 많아지긴하지만 ㅋ
462,3,"기저귀 이거저거 다 써보느라 주문해서
썼어요 하땡땡보다 허리부분은 넒어서 좋구요근데 좀 뻣뻣한 느낌? 이네요
쓸만했어오"
463,4,하기스네이처메이드 쓰다가 보솜이 쓰니 약간 뻣뻣한것같긴해요. 신생아라 어차피 자주 갈아주니 가성비는 괜찮은것 같아요!
464,4,"만족합니다 가격도 저렴하고 좋아요
물건은 괜찮은데 배송이 넘걸리네요
다른것도 시켜는데 주문후 1주일 만에 받는건 첨인듯"
465,4,엉덩이 위쪽 길이가 길어서 응가가 새지 않을것 같아요 아쉬운 점이 사타구니쪽에 기저귀 자국이 많이 남아 별 하나 뺐어요
466,3,소변을 많이 누면 너무 빵빵해져요. 다행히 발진은 없었지만 고정시키는 부분이 조금 딱딱한 듯 해서 항상 조심히 채워요.
467,5,"이것만쓰려구요 사이즈도딱좋고
냄새배김없고 안미끌어지고
깔끔하고
정말좋은제품잘만들어진것같아요
품절안됐음해요"
468,5,"군기저귀사용했고 이것과비교했을때소형은조금작았어요! 50일아기 밤에도 안깨고 6시간은울지않고자네요
새지않아요 재구매예정입니다"
469,5,저의 집에 막둥아가 샹겨서요 기적귀 값이 너무 비쌍서 우선둘러보고 살려고 해는데 적려하개 싸네요 많이 파세요 ^^
470,5,처음에 보솜이를 접했을때가 아직 밴드형 썼을때인데 이제는 기어다니려고 해서 팬티형으류 바꾸랴구요 ㅎㅎ 보솜이는 소변줄도 있어서 보기도 편하도 소변이 잘 새지 않아서 좋아요
471,4,"아직 사용전이예요~
배송은 보통인 편이예요, 영업일 2~3일정도.
제품은 리뷰가 가성비대비 좋다구 해서 믿고 주문해봤어요~ 좋으면 계속 주문하려구요!
번창하세여 👍"
472,5,"얼마전 울아가가 4키로가 넘어서 기존쓰던 신생아 기저기와 함께 하나구입해봤습니다. 당근 믿고쓰는기저기라 사용은안해봤지만 별5개줍니다^^
이틀뒤면 사용하겠네요 신생아용도 거의다써가네요^^많이파세요^^"
473,4,"잘 쓰고 있습니다
표시선 나타나는게 편하구요
얇아서 가지고 다니긴 좋은데
응가가 셀때가 가끔 있어서 아쉬워요"
474,4,(소형 밴드 여아) 품절돼서 겨우 찾았는데ㅡ 제조일자도 최근이고 배송도 빨라서 좋아요ㅎ 재구매의사있네요=)
475,3,자주 갈아주는 편이라 얇은거로 구매해봤는데 하기스가 저는 더 나은것 같아요~ 조금 거친느낌이예요 빳빳한~
476,5,"다른 기저귀보다 길이가 길어서 좋아요~
그래서 소변이 잘 새지 않더라고요.
M사이즈도 보솜이로 주문했어요~^^"
477,5,이것저것 써봣는데 보솜이가 여러모로저는편해요 너무 돌돌안말리고 쫙펴져서 채우고 갈때편하고 가격도 저렴하고 쭉쓸거같아요
478,5,저는 하기스보다 보솜이요 초보맘한테는 크기도 그렇고 빳빳하니 사용하기도 편하고 좋아요 다만 불량품1개가 어제나왔어요 찍찍이가 없는걸루 ㅎ
479,5,여러 제품 사용해 보다 좋다는 소문듣고 써봤는데 좋네요~ 가격도 좋고 품질도 좋습니다~~ 흡수 잘되요~~ ^^
480,5,"배송도 빠르고요..
첫째때는 뒤에 밴드가 늘어나는게 아니었던거 같은데 하기*랑 허리 밴드가 똑같네요ㅎ
하기*보다 약간 사이즈가 커요. 그래서 보솜이 주문했어요~"
481,5,흡수력도 좋고 피부가 습해지지 않아서 꾸준히 보솜이만 써요^^ 가격도 저렴하고 배송도 빨라서 좋네요
482,3,그저그래요.. 원인이 분명치는 않은데 이거쓰고 나서 발진비스무리? 오돌토돌한게 나긴햇어요.. 이거때문인지는 모르깃지만..
483,5,"저희애가 허벅지가 두꺼워서인지 사이즈 좀 작아요 가격대비 좋아서 계속 쓰고있습니다
발진도안나요"
484,5,저희집 애들은 다른 브랜드 쓰면 엉덩이가 빨개져서 보솜이만 써요~^^ 가격도 좋고 품질도 좋습니다!!
485,5,어쩌다 충분히 젖었는데도 색깔이 변하지 않는게 나왔지만 감안하고도 가성비좋아 계속 사용합니다
486,4,"천이 좀 뻣뻣한 느낌이 있긴 한데, 저희 아기한테는 딱히 기저귀 발진도 없었고, 흡수도 잘 됐어요 :)"
487,3,"자주 바꿔줄 때 가성비 좋아요
대변은 베어 나와서 별루에요
대변 보면 옷을 꼭 빨아야 해서 차라리 비싼 기저귀 쓰는게 더 낫더라구요
소변은 자주 갈아주는 용도론 괜찮았어요"
488,5,얇아서 밤기저귀로는 별로지만 낮에 활동할때는 소변줄 확인이 쉬워서 바로 갈아줄 수 있어 좋아요
489,5,가성비 짱이에요.다른거 쓰다 이걸로 넘어왔는데 품질은 비슷하고 가격은 싸고 또 구매예정입니다
490,4,배송이너무느려요 청주서 출발하는건데 왜 타지역으로 갔다가 다시 청주로오는걸까요? 저번에도 그랬는데 이번에도 그러네요ㅜ 그래도 기저귀는 좋아요
491,5,하기스꺼 쓰다가 보솜이 선물받고 썼는데 넘 좋아 이번엔 제가 구입했어요 이걸로 갈아타려구요
492,1,하기스보다 작아요 아.. 똥 막새요 3팩반 남았는데 하... 뒷샘방지가 없어서 뒤로 똥이 다 올라옴
493,5,우선 타사 제품보다 흡수력이 뛰어난 것 같고 냄새도 덜 나는 것 같아 매우 만족 하고 있습니다
494,4,다른 제품을 쓰다 기저귀 발진이 있어 바꿨는데 아직까진 없네요!! 두께도 적당하고 질감도 나쁘지 않습니다~ 만족합니다
495,5,"하기스 쓰다가 보솜이
리뷰평이좋아서 눈팅하다가 삿는데
허리부분이 일단 짱짱하구 좋아요!!!!
조금더 써보고 바꾸려고 생각중입니다앙"
496,5,"배송빨라요~
필요할 때 주문하면 바로 오네요!
저번에 한 번 써보고 주문하려고 했는데
괜찮은거 같아서 또 주문했어요~
낮용으로 딱이예요~"
497,3,샘플 써보고 구매했어요소형인데도 사이즈가 넉넉해서 좋네요백일되가는데 소형쓰고 나서 중형으로 바꾸려구요ㅔ
498,5,2개월에 들어서면서 싸는양이 많아져 사이즈고민했는데 1팩씩도 주문가능해서 너무 좋아요
499,2,다른분에게 어떤지 모르겠지만 우리 아기 엉덩이에 기저귀발진으로 사용 안하게 되었어요.
500,5,흡수랑 묻어남은 확실히 보솜이가 좋은거 같아요 밴드부분도 부드럽고요 선물받은 하기스 기저귀 쓰는동안 보솜이만 생각났네요ㅋㅋ
501,5,이것저것 샘플로 다 사용해봐도 보솜이가 크기도 제일 낙낙하니 좋습니다! 정착하려고요~!
502,5,꼼꼼한 느낌이나 흡수력이 하기*보다 아쉽고 소변 양이 좀 될 때는 냄새가 나는 것 같아요.
503,4,디오가닉쓰고 좋아서 사려는데 소형이 사기 어려워서 베이비케어먼저 샀었는데 리얼코튼이 훨씬 부드럽고 좋네요^^
504,3,가격이 좋아요. 밴드가 넓지만 좀 뻣뻣해서 각진 부분들이 아기 살에 닿을까봐 굉장히 신경써서 밴드를 채워야 했어요.
505,5,신생아용 써보고 아기가 4키로 넘어가면서 소형으로 샀어요 발진도 없고 괜찮아서 좋아요
506,5,신생아때는 변이 묽어서 새지않는 기저귀가 좋더라구요 그래서 쓰고있습니다 만족해요
507,5,"배송이 빨리와서 좋았어요
신생아라서 가성비 구매했는데
얇아서 좋긴한데 좀 뻣뻣해요"
508,5,다른 제품쓰다 한번 바꿔봤는데 아주 만족합니다. 코튼 제품이라서 그런지 조금 뻣뻣함이 있는데 방수면에서는 좋은거 같네여. 재구매 예정입니다. ^^
509,4,4키로가 갓 넘어가니 보솜이 신생아 사이즈는 조이는듯 하여 구매했는데 만족합니다^^
510,5,지인추천으로 어제 주문했는데 오늘 도착했어요~~ 뒷쪽 주름이 있어서 안심이에요~~
511,3,"5키로 아가 사이즈 좀 크지만 좋아요
하기스라우같이 사용중인데 보솜이도 괜찮네요"
512,5,17년형부터 보솜이만 쓰는데 매년 뭐가 바뀌는진 모르겠지만 타사 제품보다 좋아용.
513,3,생각보다 얇고 110일 아가가 쓰기엔 좀 작고 기저귀가 좀 뻣뻣한 느낌있어요
514,5,배송이 빠르진 않았던거 같아요 여자 소형이 다 거의 품절이라 어렵게 구매했네요
515,5,여러기저귀써보고 마음에들어서 계속 쓰고있네요 ㅎㅎ 3단계도 보솜이쓸것같아요
516,3,사이즈가 잘 맞아 사용하려 주문햇어요 근데발진이 잇던데 좀더 써보랴구요 ㅠㅠ
517,3,사이즈 각각 1개씩 산다는게 스몰만 샀네여; 전에 썼던적 있어서 믿고 주문했어요
518,5,"네이처메이드만 쓰다가 한번 구매해봤어요
기저귀 쟁여노니까 마음이 든든하네요"
519,5,여러제품 써봤지만 보솜이가 두께도 적당하도 흡수력이며 크기도 마음에 들어요
520,5,하기스 썻는데 잘때 옆으로 쉬가 세어나오다라궁요 그런데 보솜이는 한번도 그런적이없어 재구매 했습니다
521,4,배송도 적당히 걸렸고~ 저희 아가가 허법지가 두꺼운편인데 꽉안끼고 좋네요~^^
522,5,"기저귀발진 때문에 여러 브랜드 샘플써봤는데
보솜이가 제일 괜찮아서 구매했어요~
어차피 계속 써야하는거라 쟁여놓으려고 12팩 구매했어요 ㅋㅋㅋ
우리 아기한테 보솜이가 젤 잘맞아요👍"
523,5,"지인출산선물로 구입했어요~
보솜이는 저희 아들도 쓰던거라 늘 만족합니다^^"
524,5,가성비 좋아요. 저렴한거 자주 갈아주는게 젤 좋대서 보솜이 잘 쓰고 있어요.
525,5,계속 보솜이 쓰고 있어요 배송도빠르고 두께도 적당하고 아기가 편해합니다.
526,5,"가격도 적당하9 첫째때부터 보솜이 썻어요. 배송은 크르마스라 이틀
걸렸지만 다행이 시간내 도착햇어요"
527,3,쓰던거라 만족하며쓰구잇어요 아쉬운건 허리밴드붙이는게 좀억센거같아요
528,3,아기태어나서부터 줄곧 쓰고있는 상품이에요. 계속쭉쓸수잇으면 좋겠어요~
529,5,"보솜이로 갈아탄지 한달이 넘었는데
너무 만족하며 잘 사용하고 있어요~~~^^"
530,3,늘 쓰던거라 품질은 좋은데 이번엔 배송이 좀 느리네요...일주일 걸렸어요
531,5,신생아용 사용하다가 아기가 더 커서 소형 구매했습니다. 보솜이 좋아요^^
532,4,상품깔끔하니좋습니다 근데 배송이 살짝 늦어서 좀 여유있게 주문하세요!
533,5,"보솜이 기저귀가 제일 무난해서 잘 쓰고있습니다.
떨어지면 또 구매할게요"
534,4,"믿고 쓰는 보솜이 리얼 코튼 ^^
신생아라인 부터 소형~ 앞으로도 함께해요!"
535,5,계속 쓰는 기저귀에요!! 흡수는 잘되는데 냄새가 잘안잡혀서 아쉽네요ㅜ
536,5,적당한 크기고 보드러워 좋아요~! 발진은 아직 없는데 더 사용해볼께요!!
537,5,산후조리원에서 쓰던거라 같은 걸로주문했어요.만족스러운 품질입니다.
538,4,한번 사면 3~5팩 사는데 이번에도 4개 주문해서 잘쓰고 있습니다~좋아요^^
539,3,가격대비 오줌싼표시파란줄잇는건 조은데요ㅡㅡ약간 기저기 새 냄새가나는거?그건먼지 ㅠ무향이먼조은데 아쉭네요
540,4,"재질이나 사이즈나 가격까지 마음에 드는데..
저희 애한텐 안맞네요ㅜㅜ"
541,5,"믿고 쓰는 보솜이 리얼코튼 입니다
셋째까지 쓰고 있는데 너무 만족해요"
542,3,타사제품보다 두께감이 없고 향이 약품냄새가 나요. 뭔지 모르겠습니다
543,5,여러 기저귀 써봤는데 사이즈가 조금 작은게 적당해서 다시 구매했어요
544,3,흡수력은 보통인데 가격이 좋아서 자주 기저귀 갈아주며 쓰고있어요. ^^
545,5,"하기스 쓰다가 보솜이 추천받고
써보려고 주문했는데 아주 만족이에요~~"
546,5,배송은 좀 느렸으나 미리 주문해놓은 것이어서 다행히 잘 쓸 수 있을듯
547,5,첫째는 하기스네이쳐만 썼었는데 둘째는 좀싼거써보자해서 사용중임돠.생각보다 꽤 괜찮아요ㅎㅎ
548,5,사실 강아지한테 써볼라고 샀는데 잘안되지만 흡수력하나는 기가막힘
549,5,조리원 때부터 보솜이만 쓰고 있습니다. 가성비 좋은 기저귀 같아요 :)
550,5,첫애때부터 보솜이만 쓰는중이에요^^기저귀 발진없이 잘 쓰고 있어요!
551,4,"생각보다 재질이 뻣뻣하네요
아기 발진이나 이상이 없어서 사용합니다"
552,4,곧 아기가 태어날 예정이라 미리 기저귀구매했는데 포장도 갠찮아요..
553,5,소변보면 색변하는게 너무좋아 다른것 쓰다가 다시 구매하게되었어요
554,5,"가격대비 좋은 기저귀예요.
신생아라서 진짜 자주 갈다보니 조금이라도 싼 기저귀 찾고 있었는데 보솜이가 만족스럽네요."
555,5,회사 동생 선물용으로 구매했는데 정말 좋다고 들었어요 많이 파세요
556,4,흡수는 돟은데 밴드이음 부분이 너무 딱딱해서 아이가 아플거같아요
557,5,"100일까지 꾸준히 잘 쓰고 있어요
얇은듯 하나 새지도 않고 딱 좋아요~"
558,5,"읔 신생아용을 시킨다는게;
잘못시켰네요 ㅋㅋ 그래도 잘 사용할게요"
559,4,"하기스보다 좀 덜 부드럽다는 느낌은 있는데
괜찮아요 새는것도 없고"
560,5,잘사용했어요 발진도 없고 큰애때부터 쓰던거라서 그냥믿고 씁니다
561,5,"조리원에서 사용했던거라 주문해봤어요~
가성비 좋게 구매했ㄴㅔ요"
562,5,언제나 만족합니다. 신생아용 쓰다가 이번에 소형으로 갈아탔어요^^
563,5,아가가 쓰기에 보솜이가 가장 잘 맞아서 항상 애용하고 있어요 ㅎㅎ
564,5,좋아요 한팩씩 사기 좋아서 자주 구매합니다. 배송도 빨라요. 오전에 사니까 다음날 바로 도착했어요
565,5,"첫째도 보솜이로 잘 쓰는중이예요~
곧 태어날 아기도 잘쓸께요!ㅎㅎ"
566,4,저는 ㅎㄱㅅ 보다는 보솜이가 더 나은것 같아요! 늘 잘쓰고 있어요~
567,4,5키로 아기에게 조금 커서 잘못채우면 소변이 세어나오기도 하네요
568,4,로마박스 구매하면서 주문해봤어요 하기스만 써봤는데 궁금하네요
569,4,아기 몸무게가 거의 근접하는 바람에 후다닥 썼지만 만족스러워요~
570,5,보솜이 늘 쓰는 제품입니다~ 이번에 받은 건 비닐 손잡이가 없네요?
571,5,선물용으로 구입한거라 아직 사용하지 않았지만 좋을 것 같습니다
572,5,가성비가 좋네요~ 재구매 의사 있습니다. 배송도 빨라서 좋았어요~
573,4,보솜이가 도톰하고 발진도 없고 가격대비 사용하기는 제일 좋아요
574,5,"재구매에요 ㅋ
알림표시선도 좋고 흡수력도 좋은편.
마니 파세요 ㅋ"
575,5,"아기가 대소변 보면
중앙 라인 색이 변해서 확인이 빠르고 좋아요!"
576,4,신축성이 거의 없고 재질이 얇지만 발진이 아예 없는 거 아니네요.
577,4,아직 사용 전이지만 면화로 부드럽고 괜찮은 상품으로 생각됩니다
578,5,타상품에비해 넓게나와서 아기 오줌새는 일이 적어요~~~ 좋아요~^^
579,5,잘쓰고잇어여 ㅎㅎ 밤귀저기로는 안되겟지만 가성비 너무 좋아용
580,5,"조리원에서 쓰던거라 다음 단계로 주문했어요
발진도 없고 좋네요"
581,4,아이에게 잘맞아서 좋아요 근데 첨 구매한거 한단계위로 주문했는데 접착이잘안되는건있는데 그래도 사용감을좋아요 흡수도 좋구
582,5,애기 쓰던거라 좋고 조금이라도 더 저렴하게 잘산거 같아 좋아요
583,4,"보솜이 믿고 쓰는데 선물용으로 구입했어요
배송도빠르고 좋아요"
584,5,추천받아서보솜이쓰는데 좋으네요 앞으로계속사용할예정입니다
585,4,보솜이 쓰던거라 더 구매했어요. 밴드 붙이는게 간편해서 좋아요
586,3,"그래도조으네요ㅡ좀얇은거같기도하고.
무튼 잘쓰고또구매한거라서ㅡ쭉쓰고잇어요조은편"
587,5,"믿고 쓰는 보솜이
잘 사용 후 지금은 중형으로 사이즈 업 했어요!"
588,5,요즘 사용하는 기저귀에요. 쉬하면 조금 축축해지는게 아쉬워요
589,5,"하기스보다 두껍지 않아 좋네오
가격대비 가성비 좋은것 같아요"
590,5,늘 주문하던거에요 배송도 빠르고 쿠폰으로 할인도 되어 좋아요
591,5,"다른 기저귀에 비해 탄탄해서 채울때 수월해요.
쉬야도 잘안세요"
592,5,산후관리사님 추천으로 구매해봅니다! 빠른 배송이 너무 좋네요
593,5,보솜이 하기스 마미포코 사용해봤는데 보솜이가 이셋중에서 나은 것 같아요. 쿠폰써서 싸게 샀네요. 항상 만족합니다.
594,4,"아기 기저귀 바꿔볼려고 구매했어요
하기스 사용했는데 아기 허벅지가 너무 빨개져서 바꿔봐요
아직 사용잔인데 괜찮았음 좋겠네요"
595,5,보솜이 가성비 짱이에요 어차피 자주가는게 좋으니 부담없어요
596,5,지인에게 선물하려고 구매합니다.두아들 사용했던지라 좋아요.
597,5,신생아라 미리 준비해뒀는데 뭐 보솜이는 워낙 유명하니까요ㅋ
598,3,19년도꺼에서 향이 좀 추가 됐나봐요. 낮에 쓰기 좋은거 같아요~
599,5,신생아 기저귀로 좋습니다. 조리원에서 쓰길래 따라서 샀네요.
600,5,"보솜이는 가성비 최고에요.
다행히 발진도 없고 흡수도 좋구요."
601,5,"딱 좋아요
기저귀찼는지 안열어봐도 알수있네요? 신박해요 ㅎㅎ"
602,4,조리원에서 쓰던거라 계속 구매해서 썼는데 소변보고 난 후 색깔변하는 부분이 선명해서 좋네요
603,5,"달마다쓰는 귀저기 보솜이만 씀니다유~
흡수도좋고 가격이좋음"
604,5,"선물로 애용하고 잇어요!
올해도 조카 생일 케이크로 완벽변신!"
605,4,첫째때 쓰던거라 둘째때도 써보려고 구매해봤는데 그때 느낌이 아니네요~ 흡수가 별로 안되요~
606,5,아직 사용 전이나 아기한테 잘 맞으면 계속 구매예정입니다ㅔ
607,5,지난번에도 잘써서 재구매했어요! 소변선이 잘보여서 좋아요
608,5,항상 이거 써요 ㅎㅎ 다른브렌드보다 붙이는게 편하더라고요
609,5,"신생아 기저귀용으로 구매 했어요
가성비 좋고 조금은 얇아요"
610,5,"다른 제품을 사용하다 찍찍이 부분이 아이에게 쓸릴 것 같아~로마박스에서 보솜이 제품을 사용하고 찍찍이 부분이 다른 제품보다 좋아서 구입하였습니다.
우선 면이 부드럽고 소변을 보면 선도 선명하게 나와 좋네요."
611,5,가격대비 기저귀가 리얼코튼으로 만들어져 가격도 합리적이면서 질적인 면에서도 우수해요
612,5,배송 완전 빨랐습니다 포장도 박스로 왔어요 만족하구요 재구매 의향 백퍼입니다. 번창하세요
613,5,완전 잘산거 같습니다~! 벌써 추가주문 들어가야하네여ㅎ
614,4,흡수가 생각보다 부족함 . 양기 많이면 약간 세는 적도 있음.
615,5,발진때문에 샘플 써보고 구입 1팩만 사봤는데 잘맞음 좋겠음
616,5,"아는분께 선물 드렸는데, 엄청은 아니고 좋아 하네요. 생후 2개월차 아기 선물로 추천드립니다."
617,4,"지난번 만족하고 추가로 구매했습니다
제품이 자동 리뉴얼되면서 가격은 오르고 매수는 작아졌네요 아쉽습니다"
618,5,배송도빠르고 두번째시켰는데 앞으로도 계속 주문할꺼에요
619,4,나쁘지않아요.발진도없어요아이세명 다 보솜이인데 좋네요
620,5,"하기스 쓰다가 썼는데.
좋은 것 같아요.또 주문 예정입니다."
621,5,가볍고 가성비 좋아요 배송도 정말 빨라 바로 사용했네요 :)
622,5,기저귀가 얇고 엉덩이나 사타구니에 습진도 없어서 좋아요
623,5,"첫째 때 부터 쎃던 기저기ㅟ 입니다.
저렴하쿠 풍질좋아요"
624,5,마트에서사려다 없어서 주문했어요배송도빠르고 좋습니다
625,5,3번째 구매했는데 쓰면 쓸수록 가성비가 좋은 것 같습니다.
626,5,크린베* 쓰다가 생리대 대용으로 구입해봤는데 좋으네요
627,4,다른기저귀가 새서 바꿔봤는데 새는거 하나도없고 좋네요
628,5,별로에요ㅠㅠ 쉬하면 너무 빵빵해지고 밴드 탄성없어요..
629,3,"가성비는 좋은데, 다른 기저귀들에 비해 부드럽지 않아요"
630,4,"사용해보고 한달후기 남기도럭 하겠습니다.
배송은빨라용"
631,4,친구가 괜찮다고해서 써봤는데 개인마다 다른듯싶어요ㅠ
632,4,"원래 쓰던 기저귀가 너무 새서 삿어요
배송빨라서 좋아요"
633,4,수시로 기저귀 갈아줘야하는 신생아에게는 딱인거같아요
634,5,"다른기저귀로 갈아타려고
보다가 저렴하게 잘 구매했어요"
635,5,밤 기저귀로 발진도 없고 좋아요 재구매 의사 100% 입니다
636,5,소변이나 대변을 보면 파랑색으로 표시되서 아주 좋아요
637,4,저렴하고 질도 항상 즣아서 첫째때부터 쓰던 제품이예요
638,5,밤기저귀로 잘쓰고있어요. 여러번싸도 많이 흡수되네요
639,5,"하기스보다 사이즈약간 큰듯해요
4.7kg아이 잘입고있어요"
640,5,"재구매입니당~~~
모자른거 같아서 추가로 주문했어요ㅎㅎ"
641,4,"배송도 빨랐고 품질도 부드럽고 좋아요
재구매 할려구요."
642,4,보솜이로 갈아탄뒤로 계속이것만쓰네요 잘안세고좋아요
643,3,아기가 편안해하구요. 새지않아 좋아요. 소변보고 기저귀색까지 바뀌니 알아보기쉽구요.
644,5,타상품대비 저렴한편이고 배송 빠르고 흡수력도 좋아요
645,5,"재구매함.
흡수력도 괜찮고 표시선있어 체크하기 좋아요"
646,4,흡수력최고 좀더부드러웠으면 약간 부지포같긴해요...
647,5,잘받았어요~ 아직 막달이여서 사용은 출산 후 해볼께요~
648,5,울 아들은 기저귀값이 얼만진 알고 일케 막 싸는걸까요?
649,5,"보솜이 소형에서 중형으로 갈아탔어요!
다른 브랜드 기저귀 여러개 써봤는데
보솜이로 정착하여 잘 사용 합니다 !"
650,5,무난하고 좋습니다. 기저귀 모양도 깔끔하니 이쁘네요.
651,5,조리원 퇴소부터 생후 57일인 지금까지 쭉 쓰고 있어요.
652,3,"가격대비 만족하죠 ㅎㅎ

기저귀 자주갈아주자 주의라서"
653,5,항상 잘쓰고있어요~~ 가격도 좋고 편하게쓰니 짱입니다
654,5,낮기저귀로 딱이에요. 나비잠코지랑 보솜이리얼코튼 2개 비교샷이에요. 왼쪽이 보솜이요. 근데 보솜이는 엠보처리가 안되어있어서 흡수를 잘 할려나 모르겠어요.
655,5,아기가 쓰는거라 쟁여뒀는데 저렴하게 잘 사서 좋아요
656,4,"늘 사용하는 제품이라 재구매합니다
빠른배송감사해요"
657,5,리얼코튼이고 가격도 좋아서 꾸준히 잘 쓰는 중입니다
658,5,부드럽고 좋네요!일단 가성비가 젤좋은게 장점입니다!
659,5,가성비도 좋고 소재도 부드럽고 흡수력도 좋네요ㅎㅎ
660,5,"만족합니다.
배송더늦었으면 까딱하면큰일날뻔했내요"
661,4,"아직 얼굴에는 안써 봤지만 촉촉한건 확실하네요!!
로션만 주문했는데 견본품 크림도 같이 왔어요! 갠적으로는 크림이 더 좋은 느낌!?


배송 : ⭐️⭐️⭐️⭐️
목요일에 시켜서 월요일에 받았어요!
급하게 필요해서 산거라 토요일에 올 줄 알았는데 ㅜㅠ그래도 ☺️

로션 : ⭐️⭐️⭐️⭐️
무엇보다 구매했는데 좋아요! 여드름에 초초민감성인데,, 아직 얼굴엔 써보지 않았지만 손에 발랐는데도 안가려워요!
일반 로션이랑은 다루게 약간 수딩젤? 같은 느낌이예요! 하지만 !또, 알고보니 2019시즌 화해 아기로션 부문 1위 제품 이더라구요:) 믿고 쓸 수 있을 것 같아요!
향은 무향이라고 되어있는데 은은하게 향이 있는 것 같아요! 은은하 올리브영 냄새 랄까??

크림 : ⭐️⭐️⭐️⭐️⭐️
크림이 견본품으로 동봉되어 왔는데,,이거 진짜 말해모해,,, !
요 ㅎ
로션이랑 같은 손에 반반 발라봤는데 10분전에 발랐음에도 불구하고 크림은 더 촉촉한게 느껴져요:)
다음번엔 크림으로 질러야겠어요!

아래 사진은 차례대로 로션-크림-크림 바르고 난 후 입니다!"
662,5,출산준비할때 샘플로 받아둔게 있어서 신생아때부터 사용했어요! 발림성이 너무 좋고 촉촉해서 다른 로션 구매 안하고 샘플만 사용하다가 다른건 못쓰겠다 싶어서 이 제품으로 정착합니다 아기도 바를때마다 넘 좋아해서 깔깔 넘어가요 아빠의 거친손으로 발라도 좋아하고 바를때마다 입 벌리네요 먹는건줄알고 ㅋ 거의 향도 없고 순해서 실수로 입에 들어가도 아기가 거부반응이 없어 인상쓰지도 않아요 그리고 침독올랐을때 로션 얇게 발라주고 수딩젤 발라주면 바로 가라앉았어요 우리아기한테 너무 잘 맞는 제품같습니다!
663,5,배송빠르고 겨울에 수딩젤만 바르기엔 건조해서 로션을 주문했어요.유통기한도 길고 포장도 신경써주셔서 안전하게 왔네요.아기가 바르는것중에 선분도 좋고 보습력도 오래가고 계속 끈적이지 않아서 성인도 같이 즐겨쓰는 제품입니다.향도 무향이라 아기도 싫어하지 않구요.아기피부에 트러블도 일어나지 않고 보들보들 유지해줘서 좋네요.휴대용으로 들고다닐수있는 작은 용량의 로션도 줘서 만족합니다^^
664,5,"성분 순하고 로션 촉촉하고 두말하면 입아파요ㅠㅠ금방 날라가지 않아서 좋은 것 같아요~ 의사 선생님한테 아기 피부에 수분이 부족하다고 들었을때 바로 구매했어요.. 같이 온 밤은 유분기가 좀 있어서 저희 아가한텐 안 맞는 것 같더라구요ㅠ 하지만 로션은 바르고나서 건조한게
많이 나아졌어요! 계속 재구매할거에요^^"
665,5,아이 돌쟁이때부터 쓰던 브랜드에요 보타니컬테라피!쓰면서 피부 트러블 한번 없었고 향도 세지 않아 너무 좋아요. 화* 어플에서 상위권인 제품이라 믿고 사용 중 입니다. 다른 아이 브랜드 들에 비해 가격도 저렴한 편이라 더욱 맘에 들어요.집에선 대용량으로 사용 중 인데. 어린이집 보내려고 작은 용량도 구매했어요.너무 마음에 드네요.
666,5,"아기가 8개월이 되면서 탑투토 워시만 쓰다 베이비 샴푸랑 워시랑 나눠진 제품이 있어 사용해 보았습니다.
기존에 로션도 쓰고 있는데 아주 촉촉하고 순해서 좋았는데
샴푸와 워시도 순하고 거품도 잘 나고 세정효과도 좋은것 같네요.
무엇보다 무향이라 아기에게 자극적이지 않아 좋습니다.
다음번엔 대용량으로 구매하여 넉넉히 사용해야겠어요."
667,5,"얼마전에 구매했는데 9900원 행사에 또 구매했어요^^ 담달 태어나는 아기를 위해 구매한건데 평도 좋구, 화해 어플 검색해보니 유해성분도 없고 해서 바로 구매했습니다-!!
사용해본 어머님들께서는 로션보다 크림이 훨씬 좋다고 많이들 말씀하시네요~~ 3월생 아기인데 로션+오일 바르려다가 크림만 발라도 된다고 해서 따로 오일을 구매안했어요. 보습효과도 기대해봅니다-!! ^^"
668,5,"조금 끈적이는 느낌이였는데 바르면 부드럽게 흡수되서 괜찮았어요~향은 무향에 가깝고
가렵거나 한 곳 진정시키거나 시원하게 할 때 바르려고 산거라 보습력이 있는편은 아니지만 만족합니다.수딩젤 로션 바르고 보습 필요한부분은 크림을 더 바르고있어요~이번에 다 보타니컬테라피로 맞춰 사용하고 있는데 순하고 성분이 좋아 만족해요^^"
669,4,"오늘 받아서 한번 써봐서 잘은 모르겠지만
저는 복합성에 예민해서 얼굴에 바르려 주문했어요 요즘 따갑고 건조한듯해서요
약간 흡수는 느른듯하고 생각보다 꾸덕한 느낌도있어요 아직 간지럽거나 붉어짐현상은 없어요
바르고나니 촉촉하고 광이 좀 나요 ㅎ
트러블도 잘 나서 더써봐야겠네요"
670,5,"아이가 너무 건조해서 이것저것 찾아서 바르다가 이제품 만나서 이제 정착할수있을거 같아요ㅠㅠ
바르는순간 아 ~이거다 라는 감탄사가 절로 나오더라구요 무향이라 마음에 들고!!촉촉하면서 흡수력도 좋고 끈적임도 없고 정말 최고의로션을 만난거같음 !!!"
671,5,"세일할때 저렴하게 잘삿어요!
애기피부가 안좋아서 태어낫을때부터
육개월인 지금까지 너무 고생하고있는데ㅜ
보타니컬테라피로 조금씩 피부가 괜찮아지고잇어서 이번에 재구매합니다!
스틱밤 바르고는 침독도 안오르고 좋더라고요!!
아기 피부가 빨리 쵹쵹해졋으면 좋겟어요ㅜㅜ"
672,3,"아기로션중 펌프형식으로 사용할 수 있는 로션을 찾다가 주의할 성분도 없고 리뷰평이 괜찮아서 샀어요

내용물이 작아서인지 배송 박스가 많이 찌그러져왔지만 에어캡에 꼼꼼히 포장해서 보내주셔서 깨지지않았어요

흡수속도 빨라요

간혹 리뷰평에 건조하다는 말이 있어서 좀 걱정했는데...발라보니 역시 건조해요ㅜㅜ 오일이나 크림을 같이 바르면 보완이 된다고하던데..번거로워서 다시 아기로션유목민으로ㅜㅜ"
673,5,아가가 태열때문인지 처음에 쓰던 로션이 안맞아서 인지 트러블이 올라와있었는데 해당제품 샘플을 써봤는데 가 가라앉았습니다 그래서 본품을 구매하게 되었어요~ 보습은 솔직히 잘 모르겠어요;; 그래도 바르고 나면 건조하지는 않는 것 같아요
674,5,일단 친구한테 선물용 으로 샀어요!! 친구가 피부가 예민하고 건조해서 성분도 순하고 후기가 좋아서 이걸로 결정 하였어요:) 아직 써 본 후기를 듣진 못 하였지만 좋을 것 같은 예감이 들어요 빠른배송 감사드립니다 친구 후기가 좋다면 저도 하나 더 사서 쓰려고 해요♥️
675,5,"쓰던건데 떨어져가길래 구매했어요
엉덩이 워시로도 쓰려고 순한 제품 찾다보니
보타니컬테라피가 맞더라구요
하루 1ㅡ2번 응가싸는 저희 아가 씻길때마다 이걸로 닦아주는데 큰 문제 없었어요!
특가해서 넘 좋았네요 자주 해주세요~^^
한개 샀는데 사은품까지~ 감사합니다~!"
676,5,아기 피부가 건조해서 로션이랑 바디워시 바꿔볼까 싶어서 구매했어요. 마침 세일하길래 저렴한 가격에 샀네요. 로션만 바르면 건조하다고 해서 크림도 같이 구매 했는데 같이 바르니 더 좋은 것 같아요!! 피부 촉촉해지면 후기 다시 남길게요!!
677,5,"어른인 제가 쓸려고 구입했어요 워낙 예민 피부에 화장품 유목민이라 이것저것 구입해서 쓰는데
아이들에께 썼을때 너무 기름 지지 않고 적당히 촉촉하고 순했던 기억이 있어 구입했어요 저한테 안맞으면 아이들 쓰면 될거 같기도 하고요"
678,5,"정말 촉촉하고 발림성도 좋아요~ 단순히 아기 발라주려고 구매했는데 아기 태열, 여드름 잡는데 바로 효과가 있어서 구매한 다른 수딩젤이나 크림은 안쓰고 있네요ㅎㅎ 건조한 둘째 피부 보습에도 효과가 정말 좋아요~ 다 쓰고 나면 무조건 재구매할거예요!!"
679,5,지금 피부가 엉망이라 성분을 보고 고르다가 이걸 선택했습니다.바르고 난후 시간이 지나면 물폭탄이라해야되나?정말 수분부족 저에게는 딱입니다.정말 진짜 만족합니다.절대로 단종이 안되었으면 하는바램입니다.인생템입니다.대박!!
680,5,"우리아가한테 딱 맞는 보습테라피에요 ^^
침독으로 벌게진 얼굴엔 카렌듈라밤과 시카크림
발라주고 고보습으로 한번 더 코팅해요

먼저 카렌듈라를 바르는 이유는 코팅되는 느낌으로 보습되라구 이렇게 써요 ㅎㅎ

꼭 써보시길요 !"
681,4,기존에 사용하던 로션이 여름이라 너무 끈적거리는 것 같아서 좀 가벼운 제품 찾다가 구입했어요. 성분도 착하고 지금 사용하기에 끈적거리지 않고 촉촉하네요. 전에 사용하던 건 끈적거리는데도 시간이 지나면 아기 피부가 좀 거친 느낌이 들기도 했는데 저희 아기 피부에 더 잘 맞나봐요.
682,4,"여름용으로 샀는데 흡수도 빠르고 펌프형식이라 좋았어요
가을 겨울에 사용하기에는 보습력이 약해서 다른제품사용하고 내년 여름에 재구매할 생각입니다. 아이2명 매일 사용했더니 한달정도밖에 사용이 안되서 다음에는 더 큰 용량으로 구매할 생각입니다"
683,5,왠떡이냐하고 두번구입 네개왔음 횅제 당문간 로션 걱정없을듯 얼굴메만 발라서 유통기한 넉넉하니 몇년 쓰겠어요 피부장벽강화되고 좋아요 지성이라 여름에적게바르거나 자제하는데 가을겨울에 효과봅니다 좋아ㅛ
684,5,기존 쓰던 로션이 있는데 우연히 보타니컬테라피 미니 샘플 받아 쓴 뒤로 여기 정착했습니다^^ 가격도 좋고 향도 좋고 발림도 좋아요. 이번에는 아이들 입소 준비물로 구매하네요. 유통기한도 아주 넉넉합니다.
685,5,기대하고 샀는데 만족해요.^^ 바를딱 촉촉함이 느껴져요. 그리고 성분도 착해서 아기 피부 트러블도 없네요.^^ 그런데 사용안할때 펌핑을 잠글수없는게 맞나요.?? 이부분이 좀 불편하네요.^^;
686,5,저는 건성도 지성도 아니라 적당한 기초제품을 찾기가 어려웠는데 이 친구는 딱 저랑 비슷한 피부타입을 가지신 분들께 좋을 것 같아요 지금까지 쭉 트러블 하나 없이 잘 사용하고 있어요
687,5,코팅되는 느낌들구요~ 위생캡괸 스파츌러까지 있어서 좋아요~ 바쁠땐 손으로 쓸때도 많지만 이런 작은것들이 관심인듯해 좋네요~ 냄새는 거의 무향인데 무향제품이 연고냄새른 경우도 많던데 요건 그렇지 않아요~ 진짜 무향!
688,5,아끼지않고 팍팍 발라줘서 한통쓰는데 한달안걸렸어요~ 아이피부가 많이 촉촉해졌고 지금날씨에는 로션바르고 겨울되기전에 다시 구입해서 바를거예요~ 너무 좋아요
689,5,"한창 침독때메 너무 힘들어하니
조동이 추천을 해주더라구요
혹시나 해서 구매해봣는데
침독이 너무 좋아졌어요
요즘은 어쩌다 한번씩만 올라와서
올라올때만 발라줘요~~^^
저희 아이한텐 너무 잘맞아서 저는 침독에
~~~"
690,5,로션인데도 촉촉해요ㅠㅠ 애기 피부에 뭐가 자꾸 올라와서 로션을 바꿨더니 드라마틱하게 좋아지기보다는 점차점차 좋아지더라구요! 성분도 착해서 믿을 수 있고 크림도 써봤는데 저희 아가한텐 로션이 더 찰떡인 것 같아요^^
691,4,"아기가 많이 건조한 편인데 한번 발랐을때 생각보다 촉촉하진 않네요 왜고보습크림인지 잘 모르겠어요...
문제 일으키진 않으니 일단 꾸준히 발라보겠습니당"
692,4,세살 아기가 쓰기에 안전한 성분을 믿고 구매했어요! 일단 향에서 오케이! 부드럽고 촉촉하게 발려서 더 좋네요! 다만 가격이 좀 비싼 편인지라 별 네개 ㅎㅎ
693,4,아기 두피가 이러나서 샴푸바스 올인원쓰다 삼푸로 바꿔봤는데. 그닥 좋은건 모르겠고..사고난 담날 훨씬 큰용량2개 세트가 무지싸서 이번 구매는 별로..
694,5,"건조한 아기 기존에 쓰던 바디제품은 꾸덕거려서 여름에는 무거운감이있어 산뜻하고 가벼운걸 찾다가 모공막지도않고 성분 좋은걸 찾다보니
보타니컬로 구매했어요~ 성분도 좋고 발랐을때 촉촉하고 산뜻하네요^^"
695,5,"얼마전에 대용량으로 구매했는데 9900원 행사에 또 구매했어요^^ 담달 태어나는 아기를 위해 구매한건데 평도 좋구, 화해 어플 검색해보니 유해성분도 없고 해서 바로 구매했습니다-!!
뚜껑 없이 누르는 방식이라 좋아요^^"
696,5,"기존에 사용하던 제품보다 성분이 좋다고 해서 우선 작은 걸로 하나만 주문해봤어요
아이 피부가 예민한 편이라 사용해보고 좋으면 정착하려구요
사은품 수딩젤도 잘 사용할게요^^"
697,5,반들반들 발림성 좋구요~ 촉촉해요~ 그동안 퓨토썼었는데 솔직 퓨토는 아기피부에 잘 맞지만 발림성이 꾸덕하다고 해야하나~ 이것만큼 미끄러지듯 발리는게 아니여서~ 이번 체험해보구 갈아타기로 했어요~
698,4,"아기가 처음 써보는거라 작은 사이즈 주문했는데
향없고 부드럽고 촉촉합니당
근데 보습이 살짝 약한거 같아서 오일이랑 섞어 발라야겠어요~
크기는 저정도입니당"
699,4,바르면 가볍고 촉촉하고 모공을 막는 성분이 없어 좋아요~그런데 개인적으로 보습이 엄청 길게되지는 않는것같아요 그래서 아가한테 수시로 덧발라주고 있어요
700,1,"완전별로에요.
태열때매 고생할때 덧바르다 수분만 날아가고 더 속건조 생기고 더 뒤집어저서 절대안써요
다른거쓰고 다나았네요..
제가 여드름날때 쓰고있어요"
701,5,"대용량 쓰고있는데 거의다써서 요걸로 구매했습니다
항상 쓰던거라 촉촉하니 좋아요
침을 많이 흘려서 얼굴에 침독이 가끔 오르는데
이거 많이 발라주면 금새 사라져요
침독 크림이 필요 없더라구요"
702,5,"열 많은 백일 아기인데 가벼워서 쓰기 딱 좋아요
겨울에는 오일이랑 섞어쓰면 좋을거같고 끈적거리지않고 부드러워서 베이비마사지 해주기도 좋네요 ㅎㅎ"
703,5,아주 촉촉한 타입은 아니에요. 그런데 저희 식구들은 딱 이정도가 좋아서 양쪽 화장실에 거실까지 총 3개 비치해놓고 수시로 사용해요~
704,5,배송이 설날이 걸려 한참 걸렸으나ㅡ특가에 원래ㅜ쓰던제품이라 만족해요 대용량쓰는데 둘째가 이번에 어린이집 입소예정이라 작은 용량으로 준비 했네요 특가 자주 해주세요
705,5,아직 사용은 안해봤지만 성분이 좋다고해서 곧 태어날 아기용으로 구입했어요~ 아기 피부에 잘 맞았음 좋겠네요:) 스틱밤이랑 미니로션 샘플도 휴대용으로 유용하게 잘쓸것같아요!
706,3,끈적이는게 싫어서 이 제품으로 바꿔봤는데 좋네요 겨울철 보습력이 좀 부족하다 싶으면 오일이랑 함께 발라주면 좋을것 같아요
707,4,"발림성은 대박이에요 물처럼 샤라락 발리는데
그래서 그런지 보습력은 좀 약한 느낌이 들어요
근데 자주 발라주면 돼서 괜찮아요"
708,4,"어린이집에 보내기 좋아요. 가볍고 금방 흡수됩니다.
집에서 온몸에 발라주기엔 안좋았어요
닭살피부되고 팔은 급기야 울긋불긋
아이는 간지럽다고 자꾸 긁었어요."
709,5,"아이들 쓰는건 향이 진하면 싫은데 이건 무향에 끈적이지도 않고 잘 발려요~
대신 매우 건조할 때 보습으로는 좀 약할것 같아요"
710,4,"건조한 가을에는 보습력이 약간 부족하다 느꼈었어요..하지만 요즘 같은 계절에는 딱 좋아요~ 성분도좋고요..
아이와 함께 꾸준히 쓰는 제품이에요^^"
711,5,"아토피가 있어서
첨가물 없는 바디로션 찾아가
구입했네요..

보습력은 조금 약한 편이지만
오일을 함께 첨가해서 발랐네요 ㅎ

봄 어름에는 그대로 쓰면될꺼같애요 ^^"
712,5,아기 신생아 때 부터 검색 많이 하다가 보태니컬 테라피 제품으로 쭉 쓰고있어요~ 민감한 피부인데도 올라오는 것 없이 무난하게 잘 쓰고 있습니다^^
713,5,와 이가격에 두개나 왔어요 남는게있나요?? 7일까지네요 무조건 또 사야겠어요 개이득 배송도빠르고 좋아요 얼굴에만쓰는데 피부좋아져요 장벽 살려주니껀 근데 지성이라 여름에는 소량만발라소량만발라요
714,5,"전부터 쓰던거고 아기 엉덩이 닦을때도 이걸 써요
근데 여태 문제있던 적 없었고 넘 만족해요!
순한 성분에다가 촉촉합니다"
715,5,원래 쓰던건데 이렇게핫딜이 가끔 떠주니 고맙네요 ㅎㅎ 잘샀습니다. 확실히 로션만 발라도 촉촉함이 남아있어서 좋아요
716,5,"아기 신생아땨부터 1년넘게 쭉 쓰는 제품입니당!
피부가 예민한 아가인데
보타니컬테라피는 잘 맞아요!
항상 쟁여놓는 템!"
717,5,촉촉하고 순하고 역겨운 화장품 냄새 도 안나고 정말 기본중에 기본.. 겨울에는 약간 리치해야 되지않나 싶지만 민감해서 아무거나 못바르면 이것도 감지덕지
718,5,"한달사용후기-- 체험판으로 써봤는데 넘 좋으네요~
미끄러지듯 발림성 좋구요~ 촉촉해요
이참에 갈아타기로 했어요~~ ^^"
719,5,바디로션도 겸해서 쓰려고 사봤어요. 촉촉하고 무향이라 좋아요. 샘플도 주셔서 피부테스트 할 수 있어서 좋았습니다.
720,5,"리뉴얼전 썼을때 진정효과 있고 좋아서 다쓰고 추가 구매합니다
그 알미늄..? 재질 용기가 너무 맘에안들었는데 ㅠㅠㅠ 바뀌어서 너므 조아요"
721,5,출산 준비중이라 미리 샀어요~~ 성분이 좋다고 해서 믿고 구매했습니다~ 곧 태어나는데 써보고 좋으면 재주문 할께요!
722,5,"한달동안 사용하면서. 정말 만족했어요.
그래서 오늘 대용량으로 구입했습니다. 가격대비 참 좋은 제품이예요.
굿굿"
723,5,추천을 받아서 구매해 봤는데 일단 성분이 순해서 좋네요. 저희아가한테 잘 맞으면 바디워시도 이거로 바꾸려고요~
724,4,가끔 다니러 오는 손자 쓰려고 구매했는는데 애기 때 쓰던거라고 하네요 향도 거의 없어 좋고 흡수력도 괜찮습니다
725,5,"아이 태어나면서부터 곧두돌인 지금까지 꾸준히 쓰는 제품입니다~
샴푸, 바스, 엉덩이 클렌저, 로션까지 저희 아이 피부는 보타니컬 테라피 풀케어네요ㅎㅎ"
726,5,샘플감사해요!! 어릴때부터 계속 쓰는 제품이에요~순하고 촉촉해요 한겨울엔 좀 아쉽지만 봄 여름 가을은 꺼뜬하게 보습 잡아주고 좋아요
727,5,샴푸랑 바디 따로 써보는건 처음인데 약산성이라 부드럽네요. 목욕 퍼프에 짜서 쓰니 거품 엄청 풍성하게 잘 나요.
728,5,보습이 최고에요..아이피부가 매우 건조한데 이거 바르고 나서는 가렵단 소릴 안해요..재구매 의사 100프로 입니다
729,5,"조동 추천받아서 사용했는데
침독에 너무 좋더라구요
쓰던거 남아있는데도 또 구매했어요
하나만 구매했는데 더 구매할껄그랫봐요ㅠㅠ
이가격에 로션 샘플도 주시고 너무 좋네요
체험특가 자주했으면 좋겠어요~~~^^"
730,5,"목욕시키고 오일 섞어서 발라주려고 샀어요
타사 호호바오일만 써봤는데 산뜻하고 좋아요
건조해서 거칠한 부위에 자주 발라줬더니 확실히 효과 있네용"
731,5,"거품도 잘나고 뭔가 순한느낌이예요
일반샴푸보다는 액체에 가까워요
체험판이라고 해도 크기가 적당해서 좋아요"
732,3,보습은 보통으로 괜찮다고 생각했는데 시간이 지나고 냄새가 너무 이상하더라구요 ㅠㅠ 그래서 쓰다가 멈췄어요
733,5,"성분도 너무 좋으면서 용기의 편리함, 발림성 좋음 이 모든 부분에서 마음에 드네요! 게다가 이벤트 가격으로 싸게 잘 구매했습니다. 재구매 무조건 합니다!!"
734,5,"무향이라 순하고 촉촉하게 잘 마무리 됩니다.
보타니컬 테라피 로션과 함께 사용하니 효과가 더 좋은것 같네요."
735,5,시카크림쓰고 피부가 정말 좋아졌어요 밤에바르고 자도 아침까지 촉촉하네요 제가 같이올린 후기도 봐주세요!
736,1,아기가 바르면 따갑다고 해서 저도 발라봤는데 정말 따가운 느낌이 있어요.... 한번 쓰고 못쓰네요 어른한테도 따가우니 뭐 때문일까요
737,4,넘 촉촉해서 약간 기름진느낌?이고 향이 전혀 없어서 로션바르는것같지않을정도네요ㅎㅎ 저렴하게 소량 써볼수있어서 좋았습니다
738,5,"시카크림이랑 워시써보고 만족해서 로션도 도전해봐요 ㅎㅎ 맘에쏙들어요
여름에쓰기 좋아요!!
다쓰면대용량으로 구매의사있어요"
739,5,"애스트라 로션만 사용했었는데
이 제품도 유명한 이유가 있네요 발림 보습 모두 좋아요
재구매의사 백프로!!!!"
740,5,최고입니다 애기 오돌도돌 다 없어지구 저는 비싼 브랜드 쓰다 너무 건조한 아가 좋은거 못느껴서 갈아탔는데 나쁜 성분 일도 없어서 산건데 정착합니다
741,5,제형이 묽어서 바를때 편하고 보습력도 잇는 것 같습니다. 여름에 쓰기 좋은 로션같아요 재구매 의사 잇네요
742,5,첫째도 쓰고 있던 제품이라 둘째것도 보타니컬로 장만했어요 애기 피부도 좋아지고 있는것 같아 만족합니다
743,5,목욕할때마다 잘 쓰고 있어요 향도 없고 28개월 아기가 쓰기엔 딱이에요 이번에 할인하길래 재구매 했습니다
744,5,유해물질이 들어있지 않은 로션을 찾다보니 보테니컬테라피를 선택하게 됐어요..배송도 빠르고 만족합니다
745,5,로션 사용하고 있어서 샴푸랑 컨디셔너도 구매해봤어요. 크림도 좋다길래 아직 사용해보지않았자만 기대중!배송 빠르고 향 좋아용
746,5,건조하신분들은 크림을 덧발라줘야 할듯요 저는 끈적임이 싫어서 이제품이 좋긴합니다 촉촉한데 끈적이진 않아요 빨리 흡수돼요
747,1,"아기가 쓰려 주문?는데

아기 얼굴이 난리가났어요.

두드러기처럼 빨갛게 ... 두번사용하고 지금은 중단했네요

오늘 병원가려구요"
748,5,바스앤샴푸쓰다 머리결이 푸석한것 같아 따로 구매해보았어요 아기 머리카락이 촉감이 좋아진것 같아요 거품잘나고 미끈거리지 않고 잘 씻깁니다
749,5,"크림에 비해서 보습력은 마니 떨어지는데 발림성은 매우 좋아요
여름 전후로 쓰기 좋은 제품입니다
향도 없어서 좋아요
어린이집에 여분으로 보내용"
750,5,"기존에 사용하던 제품이 보습이
부족해서 다시돌아왔어요 보타니컬로
하루 이틀이면 피부결이 달라집니다"
751,5,"처음에는 눈에띄는 변화없었으나, 2통 사용하니 침독과 오돌도롤 했던것이 언제 그랫냐는듯이 없어졌어요"
752,3,"성분보고 찾아서 샀는데
발림성도 좋고 향도 없어 좋긴한데
약간 건조하긴해요.
좀더 촉촉하면 좋겠네요."
753,4,아직 신생아라 다른걸 쓰게되서 사용전이예요~ 먼저 쓰는거 다쓰고 써볼건데 부디 정착했음 좋겠어요 ㅎ
754,5,6개월된 남아 육아중이에요~ 보타니컬테라피 제품으로 씻기고 바르고하는데 피부 정말 좋습니당 만족
755,4,샘플로 써본기억이 좋아서 할인할때 구매했어요. 크림도 같이 주문하는거 깜빡해서ㅜㅜ 같이 쓰면 겨울엔 더 좋을것같아요~~~
756,5,지인분이사용하는거보고발라보니넘촉촉해서구매하게되었는데 만족해요 여름에도쓰기좋을겋같아요
757,4,우선 배송이 빨랐어요 . 유해첨가물이 들어있지 안다고 해서 좋구요. 냄새도 발림성도 맘에 듭니다
758,5,전에 로션써오다가 크림 샀는데 보습 정말 넘 좋아요 증정품도 같이와서 들고 다니며 쓰기 딱이네요
759,5,순한 성분 화장품 ？다가 구매했어요무향이라 아이들은 그냥그래하는데 ... 촉촉하고 발림성 좋아요
760,5,샴푸만 써오다가 샘플로 와서 써보고 너무 촉촉해서 구매했어요. 6살 아이 얼굴에 쓰고있어요. 성분도 착하고 샴푸부터 보태니컬테라피 라인 다 쓰게 되었어요.
761,5,"샘플받아보고 맘에들어 구입했어요!
향이 나지 않아 아쉬웠는데 이제 향도 날 예정이라니 기대되요!"
762,5,전에 쓰던거라 갑자기 할인들가서 산건데 많이 쟁여둘껄..아쉬워요😭 발림도 좋고 흡수도 좋아욤
763,5,"쓰던건데 세일하길래 주문했어요
저렴하게 구매도 했는데 이벤트 당첨도 되어서 더욱더 기쁩니다~^^"
764,4,고딩인 아들때문에 주문했습니다여드름이 한창인 나이라 화학성분 1도없는 베이비로션을 택했는데아직까진 큰 문제없이 잘쓰고있습니다
765,4,유분기가 심하진 않고 족촉한거 같아요. 여름엔 아이들 얼굴과 몸전체에 사용중이고 겨울엔 얼굴만 오일 추가해주고있어요
766,4,첨에는 빨간게 올라오는것같았는데 한동안 쉬었다가 다시 바르니까 또 괜찮네요 무난한게 조아요~
767,5,아기가 너무너무너무 건조해서 크림유목민이엇는데 위트루주문할때마다 오는 샘플이 괜찮아서 시켜봤는데 우리아기한테 잘맞는지 피부가 정말 깨끗해졌네요 쟁일려고 또 주문했습니다
768,5,아이 피부가 건조해져서 순한 제품으로 찾다가 세일하길래 구매했는데 완전 만족합니다 성분도 착하고 재구매해야겠어요
769,5,쫙 스며드는 느낌은 아니지만 순하고 저자극이라 아기에게 사용하기좋을것같아요~ 잘쓰고있어요
770,5,"써본후 리뷰도 참고하고
여드름성 사춘기 아들이 덜 난다고 하네요
싸게 구매했어요
대박 나세요"
771,5,아기한테 사용하다 이제 제가 쓰네요 수분가득하고 바르고 난후에도 얼굴이 많이 당기지 않아요
772,5,좋네요 요즘 아기 머리에 각질이 생기던터라 워시 바꾸려고 알아보고 있었는데 정착해야겠어요!
773,1,아기가 자꾸 바르고 따갑다고 해서 저도ㅠ발라봤더니 따가운 느낌이 있네요.... 저희 아이들한테는 안 맞아서 못 쓰네요......
774,4,생각보다 보습력이 좀 약하고 많이 무른편이예요 다른 로션보다 물기가 많다고 해야하나..흡수시키려면 오래 문질러야하는데 아기가 움직이니... 힘드네요
775,5,대용량 집에 있는데 어린이집 보내려고 작은거 샀어요~ 부드럽고 순해서 아기가 쓰기 좋아요 :-)
776,4,큰아이때 부터 쓰고있는데 촉촉하고 진정도 잘되는거 같인 수딩젤 만족하면서 잘 사용중이예요
777,5,발림성 좋아요 한겨울엔 보습이 좀 약할꺼같긴해요 용량도 마음에 들어요 무향이라 좋인요~~!!!
778,5,로션이라 꾸덕한 느낌은 아니고 가볍게 잘 발리네요.향은 없고 나쁜 성분이 없어서 구입했어요
779,5,저렴하게 산거같아 좋네요~^^요놈만 고집하며 신생아부터 6세 지금까지도 쓰고있어요~아토피에 시달렸는데 지금은 아토피 피부였지? 문득문득 생각이나네요~ 감사합니당♡
780,4,기존에 대용량을 사용해서였는지 용량이 넘 작아보여 깜짝놀랐네요. 그래도 발림성 좋고 보습력도 무난하니 좋습니다.
781,4,워낙 건조한 아기라 촉촉하진 않지만 몸에 부담없이 바르긴 괜찮은거 같아요 꾸준히써볼께요
782,4,딸 아이 어린이집에 보내려고 주문했어요. 상품평도 좋아서 믿고 구매했는데 잘 한 거 같아요
783,5,출산전이라 아직 사용해보지 않았는데 성분 꼼꼼히 따지는 지인들이 추천해줘서 구입했어요.
784,5,"많이사용한다고해서 구매해봤어요~~
촉촉하니좋아요~ 같이보내주신샘플수딩젤도써보고좋으면구매할예정이에요^^"
785,5,"아이가 너무 건조함을 느끼길래 한번 구매해봤는데 너무 촉촉하니 좋더라구요.
그래서 그 이후로 계속 이것만 사서 씁니다.
촉촉하니 아이 피부에 잘 맞아요.
믿고 구매합니다. 언제나 늘 신경써주세요!
많이파세요!!"
786,5,할인가격으로 저렴하게 샀어요 날씨가 추워서 좀 얼어서 배송됐는데 괜찮은지 모르겠네요ㅠ
787,4,딸피부가 건조해져서 로션사는김에 오일도 같이쓰면 좋을꺼 같아 구매했는데 건조한 지금 로션이랑 같이 쓰기에 너무좋아요~ 용량도 많이들어있네요^^
788,3,타사제품쓰다가 가성비에 좋다고해서 구매했어요 아직 써보진 않았지만 좋을거라 생각해요
789,5,배송빠르고 워낙 후기가 좋은 상품이라 구매해봐ㅛ어요 무향에 끈적이지않고 촉촉하네여 ^^
790,5,"로션은 처음인데 엄청
미끌거리네용 ㅎㅎ 다른제품쓰다
바꿔봤는데 촉촉하고 순해서 좋아요"
791,5,"좋다오 추천받은 제품인데 마침 할인해서
저렴히 주문했어요^^
같이 주신 로션도 잘쓸게요 :)"
792,5,"늘 쓰는 제품이지만 새로 나와서 저렴하게 잘샀어요
기존에 쓰던거보다 더 촉촉해졌네요~^^"
793,4,유통기한이 2년 이상 남은 새제품으로 보내주셨어요! 아기에게 잘 맞았으면 좋겠습니다^^~
794,5,"크림을 쓰고 있었는데 좋길래, 다른 제품도 구매해봤어요.
더 촉촉하라고 스틱밤과 오일 구매했습니다.
크림만으로도 충분하긴한데 찬바람 맞고 들어오면 살짝 까실하길래 추가 구매해봤어요.
많이 파세요."
795,5,아기 태열때문에 사봤는데 알갱이가 조금 신경쓰이네요 잘 문질러서 흡수시켜줘야해요!
796,5,흡수도 바로 되고 발림성도 좋아요. 아기가 쓰는 거라 강한 향이 없는 것도 맘에 듭니다.
797,5,성분이 좋아서 계속 쓰고 있던 제품인데 브랜드데이라 가을에 쓸 것도 미리 구입했어요
798,5,평소에 계속 사용하다가 겨울에 건조해지면서 로션에 크림까지 같이 발라주고 있어요. 아기 피부에 큰 트러블 없이 잘 사용하고 있네요.
799,5,아기한테 좋다는 로션 이거저거 써봤는데 이제야 유목민 생활 끝내구 정착할수 있을듯
800,5,어른인 제가 사용할려고 구입했어요 워낙 예민하고 트러블이 잘나서 화장품 유목민인데 아이들에게 사용 했을때 괜찮았던 기억이 있어 행사할때 얼른 구입 했어요
801,5,"후기가 좋아 체험분으로 일단 구매하고
아가 나오고 잘 맞으면 대용량 고고 하려구요^^"
802,5,저도 아기도 보테니컬테라피제품이 잘 맞아 잘쓰고있습니다. 로션 촉촉하고 좋아요!^^
803,5,쫀득찐득 한 맛은없지만 말끔히 스며들어 기분은 좋네요. 한겨울 보습용은 아닙니다.
804,5,"계속 쓰던 제품입니다
촉촉하게 잘쓰고 있고 펌핑이라 어린이집에 보내기에도 좋아요"
805,5,어린이집용으로 보냈는데..사용 후 촉촉하니 산뜻한 향기도 나서 아기가 좋으하네요.
806,5,신생아때부터 태열관리 및 땀띠날때 쓰고있어용. 수딩젤중 젤 잘맞고 좋은거같아요 !
807,5,샘플써보고 본품 구매해요. 아가 목욕하고 발라주는데 발림성도 좋고 잘 스며드네요~
808,4,촉촉하니 잘 발리고 좋아요! 그치만 좀 지나면 건조해지네요.. 근데 그건 모든 수딩젤이 다 비슷한거같아서 자주 발라주면 될것같아요
809,5,"로션 크림 다 쓰고있는ㄷ이제 샴푸도전해보고싶어서구매했습니다
잘쓰거있어요
굿굿"
810,5,아이 신생아시절부터 쭉 사용하고 있어요 조그만용량은 얼집용으로 구매했네요ㅎ
811,4,배송빨랐고 제품 용량이 작긴했지만 일단 써보고 대용량으로 구매하려구요 여름에 쓰려고 가벼운제품으로 골랐는데 기대만큼 괜찮았으면 해요
812,5,엉덩이클렌져 추천받아서 구매하려던 참에 행사를 해서 로션을 샀어요! 로션도 선물받아서 사용하는 중입니다. 여름에 무겁지 않게 슥슥 발라줄 수 있어서 요즘 잘 쓰고 있어요!
813,5,생각보다 부드럽고 거품도잘나고 디자인도 맘에들어요 성분도 순하대서 잘쓸게여~
814,3,유해성분이 없어서 아기한테 발라주고 있는데 여름에 바르기에 가벼운 텍스처에요
815,5,아기 신생아때부터 쓰던거에요 진정도 잘되는것같고 촉촉해서 싸게 잘 구매했네요
816,5,펌핑식이라 목욕후 재빨리 발라주기 좋아요. 흡수가 빨라 손에 남는 느낌도 적어요
817,5,향좋다고삿는데ㅣ 걍그런거같아요 일단써보고 또구매하러올께요 감사합니다
818,4,성분이 좋아 구입했습니다. 아기가 건조한편인데 이상없이 잘 발라주고있습나다.
819,5,아기 피부에 흡수가잘돼요보습이 강하게 되는건아니라 여러번 덧발라주고있어요
820,5,아이가 자기가 하겠다고 뺐어가는게 힘들긴 하지만 쓱쓱 발라주기 편해서 좋아요
821,5,체험 기회가생겨서 사용해보고 제품이 좋아서 구매하게되었어요. 3개월된 아기가 너무 건조한데 보습력도 좋아요^^ 고보습크림.스틱밤.로션.바스.삼푸 사용중인데 너무좋아요💕
822,5,무향에 촉촉한데 미끌거려요\n한포진 있는데 꾸준히 써보고 리뷰 다시 올릴게요
823,5,"거품도 잘나고 뭔가 순한느낌이예요
체험판이라고 해도 크기가 적당해서 좋아요"
824,5,친구가 보태니컬 좋다고해서 로션이랑 크리무출산준비용으로 샀어요 태어날 아이한테 잘맞았음좋겠어요
825,5,꾸준히 쓰고 있는데 자극없고 부드러워 좋아요~ 사은품까지 받아 너무 좋네요^^
826,5,소문듣고 써보고 있어요 아직은 촉촉한 느낌까진 모르겠지만 성분좋아서 써요
827,4,"촉촉하니 보습력 괜찮네요
아가들을 위해 좋은 제품 만들어주시길 기대할게요^^"
828,5,"4월에 태어날 아기를 위해 구매했어요.
집중보습할 곳에 밤이 바르기에나 사용감이 다 좋을 것 같아 구매했는데. 사이즈는 꽤 작아요
세번째 사이즈 참고하세요"
829,5,수딩젤 너무 순하고 촉촉하게 잘 스며들어 부담없이 사용할수 있어서 좋아요
830,4,수분감은 많은데 유지되는 시간이 길지는 않은 것 같아요 성분이 좋아서 써요
831,3,"보타니컬테라피수딩젤 잘써서 아기보습때문에 사봅니다~제발 아기피부가 꿀피부되길바라며~~^^
한달 써본후 후기 남길께요~"
832,5,아직써보진 않았지만 가지고있는 로션들 다쓰고나서 써보고 좋으면 갈아탈 예정이예요 ~~ 포장도 이뻐요 !
833,5,"크림을썼었는데 크림보다는 더 오일성분이 많은듯한 느낌이에용
요것도 한번써보고 어떤걸로 할지 정할려고 샀는데 이것도 나쁘지않네용"
834,5,아기 피부가 건조해서 구매했다가 저도 같이 쓰고 있어요~ 엄청 꾸덕하네요^^
835,5,꾸준히 쓰는 제품인데 핫딜가격으로 잘샀어요. 유해성분이 없어서 더 좋아요
836,5,아가 머리전용으로 샀어요 저렴한 가격에 잘 샀네요 바디로션 샘플도 좋아요
837,5,"주변에서 많이 추천해주길래 곧 출산이라 샀어요
촉촉하고 흡수가 빠르네요"
838,5,겨울철이라 로션만으로는 부족해요~ 그래도 로션 안바르면 아기 피부가 건조할까봐 계속 사용중이에요!!
839,5,7개월 아기 피부가 많이 건조했는데 이거 쓰고 엄청 좋아졌어요 만족합니다
840,5,아기 팔 다리 접히는 부분이 건조한데 이거쓰고 괜찮아지네요 확조아진건 아니고 괜찮아지고 있어요 로션은 부드럽고 발림성이 좋아 계속쓰고있습니다 .
841,5,"크림 진짜 촉촉해요 보습력 좋아용
발림성은 잘 발리는데 흡수는 쫌 느려요"
842,5,"우리아가 건조할때마다 발라주는 보타니컬

가장 눈에띄게 비로 촉촉해져요"
843,5,늘 사용하는 제품인데 어린이집 보내려고 작은 용량으로 추가구매 했어요~
844,5,마스크랑 추운날씨 때문에 아기 벌에 오톨도톨 햇던게 믾이 호전 되엇어용
845,5,"아이 얼굴이 터서 샀어요. 화해에서 랭킹에 있길래 샀는데, 역시나 좋아요."
846,4,아이들 잘라주려고 샀는데 보습력이 좋아 제 얼굴에도 같이 바르고 있어요
847,5,"아이에게 써보기전에 제가 직접써보았는데
무향에
발림성이 부드럽고
바른 후 촉촉함이 오래남습니다"
848,5,샘플로주신 로션 발라봤는데 촉촉하니 좋아요 무향인것도 마음에 들고요 써보고 대용량 구입하려고요
849,5,너무좋아요 트러블 잘나던 제피부에 드디서 맞는 화장품을 찾았어요~^^♡
850,5,촉촉하고 발림성도 좋고 부드러워요. 아이가 쓰는데 참 좋아라 합니다. ^^
851,5,자극 없고 좋아요~^^ 꾸덕한 제형이 아니라 봄여름에 딱일것 같아요!! 수딩젤하고 같이 섞어 발라야 겠어요
852,4,"가볍게 쓰기 좋아요ㅋㅋㅋ적당한 촉촉함~^^
좀더 보습을 원하시면 크림이렁섞어써도 좋을꼬같아용~!!^^"
853,5,"좋아요 보타닉컬테라피제품은 믿고씁니다
최고에용~--보습력 안전성 ^^♡"
854,4,좋은 가격과 빠른 배송에 만족합니다! 아기에게 잘 맞았으면 좋겠어요^^~
855,5,성분도좋고 흡수가잘되서좋아요 다만 보습은 좀.. 여름에 쓰기 좋은로션
856,5,"아직 써보기 전인데
성분이랑 보고 구매했어요
아기한테 잘 맞길 바라요"
857,5,항상 쓰는 제품이예요. 어린이집 새학기 시작하면 보내려고 주문했어요
858,4,신생아때부터 써왔어요!! 아기한테 트러블없고 향도 없어서 쭉 씁니다^^
859,5,큰아이때부터 사용하던 로션... 끈적거리지도 않고 발림성도 좋습니다~
860,5,아기랑 엄마랑 함께써요. 어른 건성 피부인데 촉촉함이 오래 유지되요~ 아기도 꾸준히 발라주고 있어요
861,5,4월에 태어날 아기를 위해서 준비했어요.\n안전한 성분때문에 지인에게 추천받아서 구매했는데 아기에게 잘 맞길 바래요
862,5,성분 좋은 크림이라 추천받아 구매했어요 아기한테도 잘 맞았으면 좋겠어요~ 로션이랑 같이 쓰려구요
863,5,로션으론 너무건조한 아기피부여서 오일한두방울 섞어서 발라주니 너무좋아요 두번째 구매입니다
864,5,아기가 바르기 순하고 제형도 부드러워서 할인할 때 많이 사두고 써요
865,5,아이 피부가 건조해서 고보습 크림 구매했어요! 잘 맞았으면 좋겠네용
866,5,피부가 좀더 편안해지고 순하고부드럽게사용할수있어서좋아요♥
867,4,"리뉴얼 댓나봐요?
다른건가해서 놀랫어요 써보고 갠찮아서
재주문에요"
868,4,아기가 쓰기에 좋은것같아요 무향이고~ 써보고 또 구매할 생각이에요
869,5,쫀쫀하고 촉촉하고 흡수력도 좋아요! 다만 용기가 쓰기 힘들지만... 제형때문에 어쩔 수 없을 듯하네요
870,5,역시 보타니컬테라피네요~ \n첫째부터 써서 둘째도 안심하고 써요~~^^
871,3,어린이집에 보낼려고 찾다가 성분좋아서 구매해봅니다. 양은 적네요
872,5,크림은 적당히 꾸덕하니 좋아요 200미리라 양이 많지않은게 아쉬워요
873,4,"아직 출산 준비 중이라 사용은 안 해봤지만, 성분 믿고 구매합니다 :)"
874,5,우선 지금 받앗고 아기 태어나면 쓸게요 후기처럼 좋앗으면좋겟어오
875,5,시카크림이라 꾸덕해서 펴바르기힘들줄알았는데 촉촉하니 잘발려요
876,5,처음 사용해봐요 추천을 많이 하길래 벌써 기대가되네요 감사합니다
877,3,여기제품들은 순한거같고 향도거의없는데 효과도 그만큼 약한느낌??
878,5,원래쓰던거에여 할인해서 사니 기분 좋네여~~ 행사 만ㄹ이 해주세여
879,5,펌핑형이라 좋고 보습력은 엄청좋진 않아서 오일섞어서 쓰고있어요
880,4,아직 안 써봤어요!! 후기들이 좋더라고요!! 화해라는 어플에도 성분 나쁜것들 없다해서 구입했어요~~
881,5,"아이가 4개월 되었는데 주먹고기를 먹으면서
양볼이 빨개지면서 오돌도돌 올라오면서 순식간에
안좋아져서
그 전에 볼이 빨갛게 되면 비판텐 바르면 괜찮아지다
진물나면서부터 안듣길래
연고 폭풍 검색하니까 비판텐은 진물나기 전까지라고

진물나면 세균감염 때문에
리도맥스 3일 처방 받고 병원에서는 보습이라고
한다고 해서

씻기고 보습 얇게 바르고 스며든 다음에
리도맥스 얇게 바르고 멸균습윤패치 발라서
이틀되니까 깨끗해졌어요

얼굴을 못 긁게 하는게 관건이었는데요
멸균습윤패치ㆍ손싸개(없으면 아직 때안타니 양말)
보습

그런데 연고는 스테로이드는 일주일넘기면 안되고
비판텐도 결국 더 건조해지더라구요

침독이라고 지인들이 말해주어
침독에 좋은 로션을 검색해서
세럼을 구입합니다

세럼 유리병이고요 느낌이 희안해요
그냥 세럼이겠구나 했는데 문지르면
허연 거품이 나는거 같고
촉촉해 진다고 해서 좋은거 같아요

연고는 연고일뿐
세럼하고 고보습으로 좋은걸로 속부터 채우려고요

엄마들이 써보고 소문이 나는데는 이유가 있지 싶네요"
882,5,"태열로 고생하던 울 아가를 위해 참 많은 제품 사보았고 안맞아서 고생도 해 보고 결국 정착한 내돈내산 저희 아기에게 잘 맞았던 조합 소개합니다. 오늘도 몸과 마음 고생하는 아가들과 엄마들에게 도움이 되었으면 해요.

약모밀 퓨어스팀 미스트 -> 쁘리마쥬 세럼 (냉장고 보관) -> 제로이드 인텐시브 오인트 크림 (+ 밤에는 뷔센 센시티브 베이비 오일)

목욕물은 34도, 유노하나 풀어서 온천물 만들어 비누 또는 샴푸 사용하지 않음 (별도의 헹굼물 사용하지 않음)

가장 중요하게 생각한 것은 피부속 열감을 낮추고 수분공급, 유분으로 수분을 가둬서 피부장벽 유수분 밸런스 회복 이었어요. 세럼은 쁘리마쥬에 정착합니다. 요. 향은 좀 독하지만 유명하다던 호주 유기농 수딩젤 바르고 피부 뒤집어 졌던거 생각하면 ㅠㅠ . 냉장고에 넣어서 사용하면 더 . 비싸지만 ."
883,5,"쁘리마쥬는 아기 신생아때부터 써온 제품입니다. 순하고 촉촉해서 연한 아기 피부에 잘 맞더라구요. 물론 가격이 사악해서 매번 살때마다 부담되긴 하지만 아기가 잘 쓰니 비싼 가격도 아깝지 않습니다. 그 중 쁘리마쥬 세럼은 촉촉하게 아기 피부를 보호해주고 침독이나 태열 올라왔을때 발라주면 다음날 싹 가라앉아서 좋아요~^^ 앞으로도 계속 쁘리마쥬만 쓸 거에요.
장점 몇가지를 요약해보면,
첫째, 성분이 착하다. 유기농 원료를 아낌없이 듬뿍 넣어서 보습에도 탁월하고 민감한 아기 피부에 걱정없이 발라줄 수 있어요.
둘째, 침독, 태열에 쁘리마쥬 세럼만한게 없다. 신생아 시기 태열이 올라오고 3개월 지나면 침독이 올라오는데 . 다른 로션은 대체 불가에요.
셋째, 아가아가한 향이 기분을 좋게한다. 신생아때부터 쁘리마쥬를 써오다보니 이 향이 아가향처럼 느껴지네요. 다른 로션들은
향이 너무 독하거나 화학성분이 들어있는듯한 느낌이 드는데 쁘리마쥬는 은은하고 보드라운 향으로 아기한테 딱 맞는 것 같아요.
쁘리마쥬 화장품으로 우리아기 피부를 잘 관리해줄게요~^^"
884,5,"처음에는 조리원에서 구입시킨다는 이야기를 듣고 상술이라고 생각하고 타사제품 사용하고 있었는데 태열이 더 번져서 아기 얼굴 볼때마다 스트레스 였는데
아기봐주시는 관리사님이 다른 애기 돌보면서 이거쓰고 태열 쏙 들어가는거 보고 또 다른집 애기엄마한테도 이야기 했는데 그집도 태열잡았다며 추천해줘서 구입 했습니다
태열이 바로 안잡히면 진짜 사람 미치죠.. ㅜㅜ
태열이 맞는지? 분유알러지인지? 아토피인지 등등

지금 사용한지 4일째 수시로 덧발라주고 있는데
진짜 태열이 잡히고 있습니다
신기하게 오돌토돌 난게 대부분 안보이고 아기 얼굴이 보들거려요 앞으로 2-3일이면 다 없어질꺼같아요
결국 돌아돌아 이제품으로 태열 잡았습니다
후기 이렇게 길게 안적는데 아기얼굴 태열올라온거 보는 애타는 엄마의 마음을 알기때문에 조금이라도 도움이 되고자 적고있네요

향은 처음에 쎈데 조금있으면 날라가고 금방 흡수 됩니다"
885,5,"첫째 둘째 키우며 4년 째 사용하고 있어요. 아이들이 워낙 피부가 약해서 좋다고 하는 제품들 거의 다 써봤는데 결국엔 쁘리마쥬로 정착했어요. 유기농이라고하니 신생아에게도 안심하고 사용했어요. 세럼은 살짝 촉촉한 제형이고 향도 순해서 좋아요. 건조한 아기피부에 수시로 덧발라주니 태열이 많이 들어갔어요. 저희 아기는 몸에도 울긋불긋 심해서 몸에도 자주 발라주었어요. 가격이 조금 부담되었지만 아기 때부터 스테로이드를 자주 쓰긴 싫어서 쁘리마쥬 세럼을 듬뿍 발라주었더니 보습이 되어서인지 점점 좋아지더라고요. 크기는 작아보이지만 소량만 써도 금방 촉촉해져서 생각보다는 오래 쓸 수 있어요. 유기농이라 개봉하고 삼개월 안에 쓰길 권장하는데 삼개월은 충분히 쓰는거 같아요. 저는 몸에도 바르고 아기 지루성 두피염에도 바르면 좀 진정이 되는거 같아서 두피에도 발라주기에 이번에 여러통 쟁였어요.
쁘리마쥬는 워낙 유명해서 샘플도 잘 없고 세일도 자주 안하는데 .^^ 앞으로도 자주 해주시면 좋겠어요."
886,5,"8개월아기 6갤무렵 이유식먹이고 바로 입주변을 제대로 안닦아줬던 이후 태열?침독?아토피처럼 뭘 발라도 새빨갛게 올라오고 괜찮다가도 자고일어나서, 찬바람쐬면 불탄 고구마처럼 되어서 마지막으로 이 세럼을 구매했어요. 진짜 극건성용 로션.크림부터 비판텐까지 갈랐었는데 안되더라구요ㅜㅜ
근데 조금씩 나아지나 싶더니 한달 못된 지금 확실히 빨간게 개선됐어요!! 근데 이삼일 건너뛰면 또 찬바람에 빨개지는건 어쩔수없지만, 쁘리마쥬 바르기전엔 얼굴이 다 터서 피부가 딱지앉은것처럼 까칠까칠했다면 이젠 만져도 조금 거친정도로 너무 좋아졌어요!
단 에센스다보니 피부자체가 촉촉해지고 부들부들해지는건 없는것같아요. 쏙 흡수되는 수분에센스같은 느낌입니다."
887,5,"신생아때 태열이 훅올라와서 추천받고 썼다가 완전 좋아져서 몇개월 안썼어요
생후 한달도 안되었을때 알게됐는데 지금은 돌이 지났거든요
딱 1년이 지나니 여름이 되었고 급변한 날씨탓인지 피부가 오돌토돌올라오더라구요
시원하게 해주고 청결보습제 잘발라줬어도 여전히 낫지않아서 급하게 쁘리마쥬 세럼 주문해서 바른지 일주일도 안되어서 쏙들어갔어요 완전 신기하게요
완전히 다 사라진건 아니지만 가까이서 보지않으면 보이지도 않아요
사용하기전에는 멀리서봐도 좁쌀같이 보였었거든요
세럼만 바르지마시고 꼭 크림도 같이 발라주세요
그래야 수분이 유지되요
전 크림은 예전에 쓰던게 남아있어서 세럼만 주문했고 크림다쓰면 주문하려구요
애기들 피부에 뭐 올라오면 쁘리마쥬가 응급처치해주네요
상비약처럼 계속 구비해두려구요"
888,5,"후기 귀찮아서 안쓰는 편인데 이제품은 효과를 너무 톡톡히 봐서 남깁니다~
아기가 50일 무렵쯤에 갑자기 태열이 올라오기 시작했어요! 지금 생각으로는 30일 이후로 눈가 쪽에 좁쌀 여드름처럼 올라왔는데 그때는 심하지
않아 그냥 넘어갔는데 점점 심해졌어요 ㅠㅠ 그래서 태열에 좋은 베개랑 로션을 구매하게 되었어요!! 맘카페에서 쁘리마쥬 세럼이랑 크림을 추천 하더라구요. 저는 사실 효과가 좋을 까 반신반의 해서 한돈푼도 아니고 해서 세럼만 써보자 했는데
효과 정말 짱이였어요!! 하루만에 좋아진건 아니고 일주일 3일째부터 붉은기가 줄어들더니 일주일 지나니 정말 몰라보게 달라졌어요~ 사진 올린건 진짜 심할때랑 세럼 쓰고나서 10일쯤 지났을 때 사진이에요!!자기전에 세럼이랑 기존에 있던 로션이랑 같이 바르고 아침되서 바르고 점심때 또발라주고 하루에 세번정도 발랐어요~ 온습도도 중요하지만 보습도 중요한거 같더라구요 . 지인이 태열에 아무것도 바르지 말라해서 안발랐는데 제 아이 같은 경우 아무것도 안바르니 하얀 각질 같은게 더 일어나서 했어요 ㅠㅠ 찐 후기입니다!"
889,5,"진정효과에는 진짜 최고입니다. 생후 1달이 지나가니 뽀얗던 피부가 태열로 완전 오돌도돌 울긋불긋 귀도 거칠거칠 심지어 귀는 피까지 나는 지경까지...이게 태열로 피부안좋아지면 아주좋다고 산후도우미 이모님께 추천받고 써봤는데 좋네요.
.그런데 이것만 바르면 진정효과는 정말 좋아서 금방 얼굴이 좋아지는데 몇시간이 지나면 또 건조해져서 다시 자극받아서 올라오더라구요..며칠은 이것만 써보다가 좋아지고 다시 자극받고를 반복하니 어제부터는 이거 바른다음 로션에 오일을 섞어 보호막으로 덧발라주었는데 와~~효과는 몇배로 더 좋아지네요~~
로션까지 바르니 하루종일 효과가 유지되는것 같네요~ 점점 좋아지고 있어서 이대로면 며칠내로 금방 뽀얀피부를 되찾을것같습니다."
890,5,"세럼과 크림 세트로 두번 사서 2통 사용하고
크림은 많이 남아서 세럼 2통 세트 구매해서 사용 중입니다.
세럼이 똑 떨어지고 며칠 지나니 날씨가 더워지면서인지 얼굴에 또 발갛게 올라오더라구요
이건 보습의 문제가 아니라 진정시켜주는 게 필요해서 그런지 로션 크림 다 소용없고... 급한대로 샘플로 받아뒀던 세럼 발라줬는데 진짜 하루만에 다시 샥 가라앉았어요!
아기마다 효과가 다를 수 있겠지만
이제 날씨가 더워지는데 아기 바깥활동 후 얼굴이 붉어질 때도 사용하면 진정효과로 아주 좋을 것 같아요!
세럼 잘 발라주고 계속 구매하자고 합니다^_^"
891,5,"조리원 까지는 꿀피부 자랑하던 울아들 집에 오자마자 태열때문에 피부가 엄청 망가졌네요. 구매해뒀던 수딩젤 발라줘도 좋아지긴커녕 점점더 악화되것 같았어요. 많이 듣고, 조리원에서도 사용하던 쁘리마쥬세럼 급하게 주문했고 하루빨리 발라주고싶은 마음에 이틀만에못받아봐서 배송은 보통이라 체크했네요. 세럼 아침저녁으로 수시로 발라주고 비더마틱 수딩젤 주문해서 함께 발라줬더니 지금은 일주일도 안되서 엄청 호전되었답니다. 역시 국민템은 다 이유가 있는듯하네요! 사장님 번창하시고~ 쁘리마쥬 향도좋고 믿고 씁니다. 비싼감 있었지만 돈이 1도 안아까워요"
892,5,조리원에서 나와서 친정집에서 있는데엄마가 저 생각한다고 보일러를 엄청 때웠어요26~27도로 유지했더니 한달 지나니까 엄청 올라오기 시작하더라구요 ㅠㅠ다른사람들은 애기는 22~25도가 적당하다 하길래 온도를 내렸어요목욕물도 약간 미지근 하게 했는데도애기 볼이 각질 생기듯이 점점 뻣뻣해지고있어서찬양하는 태열세럼.. 허겁지겁 주문했어요도착해서 바로 발라줬어요성분에 나쁜건 안들어있더라구요사용한지 3일 되니까 붉은기가 싹사라졌어요일주일되니까 뻣뻣하던 피부가 말랑해졌구요아직은 오돌토돌 있긴한데도 이건 진짜 잘샀다고 생각해요30ml에 3만원대 비싸다고 생각 전혀안들어요이렇게 효과좋고 성분 착한데 안사는건 말이 안됩니다ㅎㅎ이래서 쁘리마쥬 쁘리마쥬 하는거죠!!체고체고👍👍
893,5,"하….
진작 살걸 그랬어요 ㅠㅠ

TMI
출산전 아기로션 쁘라마쥬로 사려다 높은금액에 애기껄 굳이 비싼걸 써야되는 생각에 다른제품을 구매.

생후 2개월때 얼굴에 하얀피지와 피부 퍼짐?현상이라고 해야하나. 그런게 올라와 병원갔더니 지루성피부염이라 함. 병원에서 권유하는 로션,크림 구매(78,000원)해서 열심히 발라줌. 이틀 바르면 호전되고 효과있었음.
그런데 로션바르면 가라앉고 좀만 덥거나 건조하면 다시 나기 시작함. (자잘자잘하게, 심한편은 아님)두달간 반복 ㅠㅠ 연고도 처음에만 소용있지 나중엔 별 효과없어 안바름.

그러다 쁘리마쥬 생각나서 세럼만 급하게 구매해봄.
하루만에 배송왔고 아기 목욕시키고 양쪽 볼에다 발라주고 다음날 일어나서 봤더니 싹 가라앉음😮

진작에 사서 발라줄껄..
아기 피부로 돌아온걸 보니 너무 기뻣음.
제품이 촉촉하다고 생각됨!!"
894,5,"타사 수딩젤.크림 이용하다가 분유 바꾸면서 안잡히는 발진이 온몸에 올라와서 이번에 쁘리마쥬도 추가로 쓰게 되었는데 발진 잠재우는데도 좋고 평소에도 보습 등 아기 피부에 너무 좋은 것 같아요^^
쁘리마쥬 유명한 이유가 이름만 그런게 아니구나를 느낍니다~

타사 제품들은 바를 당시에는 촉촉하고 매끄럽지만 마르면서는 그 느낌이 없어지는데, 쁘리마쥬 세럼 오일은 발라주고 나면 피부가 보송보송하고 촉촉한 느낌이 최소 반나절~ 길게는 하루종일 가요^_^
그래서 요즘은 메인으로는 쁘리마쥬 라인들 발라주고 그때그때 일시적인 보충 용도로만 타사 제품 사용하고 있습니다!!
한번만 써볼까 했는데 쭉 구매해야 할 것 같아요~"
895,5,첫 아가라 좋은 제품을 사고 싶었어요. 유기농이라 믿고 썼는데 112일차 아기 꿀 피부예요~사용기간은 조리원 퇴소 후 집에 온 18일차부터 썼구요조리원에 있을 때 태열이 있었는데 집에 와서 온도가 맞아서인 지 쁘리마쥬 세럼이 좋아서인지 지금 꿀 피부고 촉촉한게 느껴져요 얼마나 좋은지 제 피부에도 테스트 해봤는데 촉촉하고 피부가 좋아지더라구요~가격이 좀 있는 편이라 처음 살 때 고민했었는데 아기 피부에 ？d 달라붙어서 이제 이것만 써요~사실 엄마 화장품도 적게는 수만원에서 수십만원은 하잖아요 아가에겐 좋은것만 주고 싶네요~ 크림이랑 세트로 쓰고 있구요 핫딜 뜨면 여기서 재구매할거예요
896,5,"처음엔 태열없는 아기라 다행이다 생각했는데 집 온도가 높았는지 한번 확올라온 태열이 가지고있던 수딩젤로 잡히지 않아 반신반의한 맘으로 쁘리마쥬 세럼 구매했어요.
다른 후기들이랑 다르게 처음 며칠은 더 심해지고 건조해지는 느낌이 들더라구요. 그래도 일주일은 써보고 다른 방법 찾자는 생각으로 정말 수시로 자주 발랐어요. 흡수 될때까지 롤링해주구요~
일주일 정도 지나서 아침에 딱 일어났는데 언제 그랬냐는 듯이 뽀얀 피부로 다시 돌아온거있죠!!!
이래서 쁘리마쥬 찾아봐요. 이제는 관리 목적으로 남은 세럼 꾸준히 발라줄거에요."
897,5,"신생아태열키트로 쁘리마쥬 수딩세럼,크림이 유명한건 알았는데 소아과에선 온습도 관리랑 보습만 잘해주면 된다해서 병원에서 판매하는 수분크림만 계속 발라줬어요~ 시간이 약인건지 한달지나지 거의 좋아지긴 했지만 여전히 반복되는 태열에 유명한 제품은 이유가 있겠지싶어 이제서야 사서 오늘 처음썼는데 촉촉함 쿨링감이 남다르네요. 심지어 향도 취저라,, 듬뿍 발라주고 있어요.
비싸도 엄마들이 쁘리마쥬만 쓴다는데 저도 벌써 그럴것만 같고요🤭
아기피부만 좋아한다면야, 뭔들 못쓰겠어요ㅎ"
898,5,조리원에서 꿀피부였던 아기가 집에오고 좀 있다가 태열이 잔뜩올라왔었어요. 무지 속상해하던차에 쁘리마쥬 세럼이 태열에 좋다고 추천받아서 속는셈치고 사봤습니다. 가격이 꽤 비싼편이었지만 중요치않았어요.. 그만큼 심했거든요ㅠㅠ 아침에 세수시키고 한번 맘마먹고 입닦고 한번 이런식으로 수시로 틈날때마다 발라줬더니 5일만에 태열 해결했습니다! (병원에 가서 보습으로 해결되는거라고 들어서 꾸준히 발라준거에요! 어떤종류의 피부염일지 모르니 세럼 사용하시더라도 꼭 진료후에 사용하시는걸 추천합니다)
899,5,"성인 고가화장품 가격에 맞먹을 정도로 가격이 사악하지만 아기에게 잘 맞아서 사용하고 있습니다. 신생아 시절 태열부터 생후 150일이 지난 현재까지얼굴,목, 귀 뒷쪽에 올라온 좁쌀 태열기나 건조함으로 인해 발생한 피부 트러블 진정시키는데 효과 봤어요 비싸도, 구매를 망설이지 않는 이유이지요.다만, 특가 할인쿠폰 적용하여 구매하고자 할 때마다'품절'처리 되어버리는 바람에, 그냥 정가 그대로 살 수밖에 없는 점이 무척 아쉬울 뿐이에요."
900,5,"아기 태열이 갑자기 확 심해져서 급하게 태열에 좋다는 화장품 알아보고 주문했어요
상태가 심해서 병원에서 연고도 처방받아 같이 사용하긴 했지만 확실히 세럼 바른 후에 피부 진정이 많이 되는 느낌이에요
세럼 바른지 이틀만에 태열과 각질이 거의 잡혔는데 아마 연고만 발랐다면 이보다는 회복이 더뎠을 것 같네요
애기 아빠도 세럼 효과가 확실히 있는 것 같다고 하구요
유기농 성분인데다 특히 향이 순하면서도 은은하게 기분 좋은 향이라 더 만족합니다 ㅎㅎ"
901,5,"두말하면 입아픕니다. 신생아때 쓰다가 사악한 가격에 3살때부터 다른거 썼는데 5살된 지금 눈밑에 극건조로 각질 올라오고 안와총 쪽으로 다래끼처럼 붉은 기운돌아서 병원다녀왔어요. 스테로이드 안연고 처방받아 3일 바르고 붉은기없어져서 보습제 고민하다가 결국 다시.. 돌아왔습니다ㅠ 오전에 주문하고 다음날 바로 받았어요. 오매불망 기다리고 있었는데.. 받자마자 발라줬더니 가라앉네요~
빠른 배송 감사해요."
902,1,코쪽에 태열이 올라오는것 같아서 급하게 구매해서 발랐습니다.수시로 얼굴전체에 발라줬는데 점점 심해지더니..지금은 아기얼굴 전체에 번졌어요. 온도 습도도 다 맞췄는데 왜 가라앉지 않고 번지나 싶었는데 .. 혹시나 싶어서 아기 허벅지 안쪽에 세럼을 발랐더니 그 자리에 얼굴에 난것처럼 똑같이 벌겋게 올라오더라구요.. 화장품 부작용으로 병원가서 약 처방 받고 왔어요. 애기 얼굴 볼때마다 너무 속상합니다.모든 아기들한테 다 맞는건 아닌거 같습니다. 꼭 확인하고 사용하세요 ㅠㅠ
903,4,"출산전에 미리 사놓고 하나다쓰고 벌써 두개째 재주문합니다.아기는 50일 지났는데 없으면 안될 필수품이에요.
집이 따뜻하면 태열이 바로올라오는데
이세럼 바르고 크림까지 발라주고 다음날 되면 태열이 많이 들어가있어요.
즉각적인 효과에 좋고 저희집은 온도조절 못해서
올라오고 들어가고를 반복하지만 없으면 태열이 심해졌을텐데 바르면 바로들어가니깐 아기화장품으로 계속 쓸거같아요. 세럼만 바르면 건조하다해서 쁘리마쥬 크림도 듬뿍듬뿍 발라줍니다.
아직까지는 아기용품중에서 가장 만족하는 제품이네요"
904,4,건조하고 더운지 자주붉어져서 구입해봤어요. 1회펌핑에 아기얼굴 얇게 다바를수있고 촉촉하게 바르고 싶으면 추가로 덧바르면 될것같네요. 향이 진한편이에요. 파우더랑 코코넛오일섞인것 같은 향이에요. 호불호가 있을듯요~ 사용기한은 2022.06.25인데 어차피 개봉후 3개월이라 작은양이라도 대부분 기한안에 다못쓴다고 해서 빨리쓰려면 저도 이참에? 같이써보려구요~ 포장은 완충비닐에 돌돌말려 잘도착했어요~
905,5,"말해 뭐하겠습니까.. 아기 트러블 위치가 눈 밑이라 약바르기도 어렵고 자꾸 손대고 해서 보습 위주로 관리중이에요. 피부과 처방약을 발라도 붉은기가 잡혔다가 또 올라오고 해서 진전이 없더라구요. 차도가 딱히 확연하지 않는데 약을 계속 쓰기가 좀 꺼려져서 이 에센스 발라주고 있는데 보습관리가 되니 덜 만지고 붉은기도 다 잡혔어요. 그래도 한번씩 올라오기도 하지만 또 꾸준히 바르면 다 들어갑니다. 초기 사진을 안찍어놔서 비교가 안되긴 하는데..
암튼.. 이래서 갈아타기가 안되고 있습니다ㅠ"
906,5,아기 신생아때 태열에 쓰다가 말았는데 이제 침도흘리고 이유식 시작하고나니 침독이랑 음식 알러지반응 빨갛기 올라왔었거든요 이것저것 다써보고 보습잘해주라해서 수유할때마다 발라도 계속 거칠고 트기까지 했는데 이거 다시 사서 바루니까 바르자마자 오분만에 맨들맨들해져서 낮잠한숨자고나니 뽀얘졌어요 너무신기해요 암튼 너무 좋아서요 비법을 알고싶네요 ㅎㅎ. 이세럼은 못 끊습니다...
907,4,90일 아기 침독 올라와서 삿어요 사나흘정도 세럼바르고 크림바르고 흡수된후에 쁘리마쥬기저귀발진크림까지 덧발라줫어요 하루에 세번정도 물세수하구 바르고 침은 수시로 닦아주구요 주먹대신 치발기 쪽쪽이 ...안물면 그냥 주먹 먹게하고 세럼바르고 크림바르고 했더니 침독이 잡히네요 신기신기 원래 이렇게하면 다 잡히는건지...흠흠 무튼 전 효과봄 좋아요 보습력은 이거 하나만으론 부족한듯해요 침독 없어졌다고 소홀했더니 다시 쬐만하게 생기네요 방심은 금물인가바요 다시 바르러갑니다 다들 효과보세요~~
908,4,"조리원 퇴소하자마자 태열이 얼굴 전체적으로 너무 심하게 올랐어요. 타사 제품으로 수딩젤, 로션, 크림까지 준비해뒀던터라 열심히 발라줘도 나아지는 기미가 없어서,, 쁘리마쥬 태열세럼 유명한 걸 많이 들어봤기에 주문해서 발라줬는데 그나마 효과를 본 것 같아요! 지금도 열심히 발라주고 있습니다. 확실히 발라주면 금방 들어가요. 촉촉해서 좋은데 끈적임에 먼지가 달라붙는 게 좀 있어서 별 하나 뺐어요~ㅎㅎㅎ 그래도 꾸준하게 잘 사용 중입니다! 태열에는 진짜 효과 좋은 것 같아요!!"
909,5,두병째 구매했어요. 맘님들 태열올라올때만 쓰지말고 매일매일 발라주세요!! 보존제 방부제 없어서 개봉후 3개월 사용인거 아시죠? 저는 아기한테 아침저녁 하루 두번 얼굴에 발라주고있어요. 이렇게 쓰니까 2달 넘었는데 거의 다 써가요. 아끼지 마세요~ 이거 발라주고 그위에 다른 로션이나 크림 추가로 덧발라주면 촉촉함과 쫀쫀함이 오래 유지되요!! 다만 입주변에 침때문에 건조해져서 트는거는 어쩔 수 없네요. 사용기한 23년 10월이네요
910,3,"생후 20일 경부터 피부가 난리나서
병원에서 처방받은 로션이랑 크림 쓰다가
유명하다는 제품으로 사서 써봤는데
우선 향은 호불호가 있던데 저는 호였어요.
애기 냄새처럼 좋더라구요.
얼굴은 특히
바르고 애기가 손 안올리게 계속 잡고 있어야해서
흡수가 조금 빨리 됐으면 하는 바램이였네여~
세럼은 떨어지면 재구매 할것 같어요."
911,5,"아기태열로 좁쌀이 올라와서 주문했어요
하루에 2번이상은 씻기고 발라주고 했더니 많이 들어갔는데 더워지면 말짱 도루묵이에요 온도습도조절이 관건이고 세럼이 진정될수있게 도와주는 역할인 것 같아요 고보습크림과 듀오로 유명한데 그렇게까지는 부담이돼서 아토팜수딩젤과 같이 썼는데 괜찮게 효과봤어요 바쓰는 그렇게 좋은거 모르겠어서 바꾸려고했는데 세럼은 꾸준히 이용할것같아요"
912,5,며칠 전부터 아기 소중이에 기저귀 때문인지 발진도 올라오고 피부에도 붉은기가 생겨서 구매해 보았습니다. 일주일 정도 사용했는데 정말 효과있어요. 이전에는 베이비 바스랑 로션 쓰고 있었는데 너무 좋았어서 여기서 구매했어요. 가격이 비싸서 다른 제품들 돌고 돌았는데 역시 쁘리마쥬에 정착할 것 같아요. 다른 제품들하고 비교했을 때 쁘리마쥬 제품들이 순하고 화학약품 냄새가 하나도 안나요. 후.. 비싸긴 하지만 좋은데 어쩌겠어요 ㅠㅠ
913,5,이거 요물이네요!!! 4갤 아기 갑자기 피부가 뒤집어져서 스테로이드 연고도 발라보고 보습크림도 처방받아봤지만 효과가없어 분유를 바꿔야하나 고민하고있던 찰나에 혹시나하고 써봤더니 하루만에 싹 가라앉고 삼일째인 오늘 뽀얀피부 되찾았어요! 이것만 발라도 전혀 건조하지않고 피부 본연의 촉촉함이 느껴져요! 다른 로션들에비해 가격이 비싸지만 우리아기 피부는 소중하니까요~^^
914,5,신생아때 잠깐쓰다가 안쓰고 배에 아기띠한이후로 태열이심해서 다시 구매하고 지금 한달도 안되 다 쓰고 또 재구매했어요~ 지금.배는 거의 다 나은상태에요 소아과에서는 아토피라고까지했는데 연고 안발랐어요 발라도 또 그런다해서... 암튼 크림이랑 매일 관리해줬더니 부드러워졌고~ 문제는 이제 손가락도빨고 치발기에 치아가 나오려고 침 쥘쥘~~ ㅠㅠ 침은 잠깐만방심하면 바로 번져요 ㅠㅠ 하루종일 지켜볼수도없는상황이라 닦아주고 발라주고~ 하고있어요~ 침독 첫째때부터 징글징글하네요~
915,5,"애기가 신생아 여드름이 들어가더니 태열이 올라와서 발진?? 처럼 따가워 보일만큼 그랫는데
알아보다가 주문햇어요 어제 도착햇는데 향은 엄청 진하네요..? 향은 호불호 잇을듯해요
일단 두시간 간격으로 발라줫어요
근데 오늘 진짜 많이 좋아졋어요ㅠㅠ
건조하다고 하시는 뷴들잇는데
세럼자체는 그럴수잇고 이거 바르고 위에 로션 발라줘야 될거같아요!
더 꾸준히 써볼께요"
916,5,"아이 어릴 때 태열로 고생할 때 이거 좋다고 해서 썼는데 정말 쏙 들어가더라고요. 여름 가까워지고 땀 많이 흘리고, 물로 자주 씻기고 하다 보니 팔꿈치 안쪽, 기저귀 닿는 부위등이 거칠어지고, 붉게 뭐가 올라오기도 하고 가려워서 계속 긁고해서 보습력 좋다는 크림 발라줘도 소용이 없어서 이거 구입해서 발라주니 진짜 쏙 들어갔어요. 아이 피부 트러블에는 쁘리미쥬만한 게 없는 듯 합니다~~"
917,5,아기가 최근 태열인건지 얼굴에 오돌토돌한게 생겨서 구입했어요 워낙 유명한 제품이라 익히 들어오긴 했는데 결론적으로 이야기하자면 얼굴에 생긴 것들은 많이 좋아졌어요 근데 타제품과 동시에 같이 사용해서… 아마 두 제품이 시너지효과를 내지 않았나 싶고요 제품 발림성은 그다지 좋지 않아요 그래서 톡톡톡 두드려주면서 발라줘야하더라고요 그래도 만족스러워서 재구매 예정이에요
918,5,"쁘리마쥬세럼 한통 써보고 괜찮아서 두통 삽니다! 저희 아기 태열 엄청심했는데 잡았어요! 제가 한번 바를때 얼굴에 바르는것만 펌핑 두번 해서 바르고 하루에 4번~5번 정도 바르고, 로션도 꼭 같이 해서 바르고, 바르기 전에 거즈손수건에 미지근한 물 묻혀서 세수한 다음 세럼 ㅡ 로션 순서로 발랐어요! 로션도 정말 많이 발랐어요 쁘리마쥬꺼 치덕치덕 ㅋㅋㅋ 집 온도 22~23도 유지! 24,25도만 되어도 태열올라와서 히트택+잠옷+패딩 으로 저는 꽁꽁 싸맸어요! 엄마의 정성이면 태열 잡을 수 있어요!"
919,5,첨에 쓰던 로션이랑 오일이 있어서 쓰고있다가 50일쯤부터 태열이 올라서ㅠㅠ 신랑도 저도 피부가 예민해서 혹시나 아토피가 될까봐 조리원에서 쓰시던걸보고 부랴부랴 주문했습니다! 원래 쓰돈게 있어서 몸에는 그냥 있던 크림+오일 발라주고있고 얼굴에는 세럼+크림 발라주고 오일 위에 한번더 덧발라주고있어요! 이제 100일이 됐는데 태열은 커녕 ㅌ도 안올라오고있어요:-) 근데 손을 너무 빨아서 양볼이 빨갛게ㅠㅠㅠ 피부가 건조해서 이틀에 한번 목욕시키는데 왠걸 목욕 시키고 세럼 발라놓으면 볼이터서 빨갛게된게 가라앉고 거칠한것도 애기피부로 돌아와요! 신기방기 그래서 세수는 하루에 한번씩 시키고 있어요:-) 다쓰면 또 사려구요!!
920,5,"조리원에서 로하스베베쓰다가
집와서부턴 쁘리마쥬만 쓰고있어요~
향도 좋고 상분도 좋고 태열에도 좋아요
다만 유기농이라 발림성은 원래 안좋은거라 많이 문질러줘야한단 점이 있죠

아가에겐 유해한 성분이 안들어가서 그런거니 엄마가 참고 열심히 발라주고있어요.

요 있고
세럼이 먼저 떨어져서 이것만 추가 구매해사 사용중임다~"
921,5,"저희 아기 조리원나와서 바로 태열 올라오더라고요 수딩젤 냉장고에 넣어놓고 발라줘도 소용없다가 친구가 태열키트 써보라해서 고민햇어요 너무 비싸서 ㅠ 그래도 비싼값하겟지 하고 삿는데 태열키트 바른지 삼일만에 태열 확 내려가더라고요 ㅠ 진짜 꿀템입니다...원래 애기크림 다른브랜드꺼 썻는데 이제는 쁘리마쥬만써요,,👍👍 최고최고
겨울이라서 세럼은 안쓰려고했는데 침독때문에 다시 구매햇어요"
922,5,"아기가 조리원에 있을때 태열이 심했었어요. 집으로와서도 남아있었는데 그때부터 쭉 썼습니다. 시원한 사용감에 보습도 좋구 태열 심했던게 점점 좋아져서 지금은 피부 깨끗해졌어요~ 그래도 열이많은 아가라서 없으면 불안해 이번에 두통째 재구매합니다^^ 여름이라 열때문에 이마, 두피쪽에 올라오고 불긋한데 발라두면 금새 괜찮아져요~ 너무 만족하면서 쓰고 있습니다!"
923,5,"아가 태열이 너무 심해서 주변 추천 듣고 반신반의하며 주문해봤는데요.. 오늘 배송 받자마자 목욕하고 한번 발랐는데 빨간 부분이 많이 가라앉았네요.. 꾸준히 더 사용해봐야겠어요..
너무 비싸다 싶어서 세럼만 주문했는데 다음에 크림도 한번 써봐야겠네요...
혹 태열 때문에 고민이신 분들중에 둘다사는게 부담이시면 저처럼 세럼만 먼저 한번 먼저 써보는것도 괜찮을것같어요..
유통기한은 22년 3월 18일까지네요.."
924,5,"목욕바구니에 크림,세럼,ㅂ파텐 넣어두고 사용중이에요 목욕전엔 기저귀 한장넣어서 수건,갈아입힐옷이링 같이 세팅해두고 사용해요~~

세럼 같은경우 보습이 살짝 좀.부족한거같아요
바른 직 후에는 촉촉한거같지만, 금방 날아가요ㅠㅠ! 수분인지.. 날이 안더운것같아서 에어컨을 끄고 잤더니만 태열이 올라와서 완전 열심히 발라주고있는중이에요~

크림은 온몸에 발라주고, 목욕 직 후 좀 세럼 다음으로 살짝 발라주고있습니당
향은 호불호가 갈리는거같아요 .. ㅎㅎㅎ ,
목욕직후 애기한테 나는 냄새랑 촉감이 아쥬좋아요"
925,5,"촉촉하지도 않은데 5점을 주고 두 통째 구매하는 이유는,
그 효과가 아주아주 확실하기 때문이에요.
태열 올라와서 불긋불긋했던 아기 피부에 발라줬더니 귀신같이 가라앉아요.
그리고 태열은 아닌데 뭔가 다리에 오돌토돌 거칠거칠한 피부였는데 바르니까 신기하게 부드러워졌어요.
유명한데는 이유가 있삼….
촉촉하고 그런 재질은 아니지만,
태열과 좁쌀처럼 오돌토돌한 피부에는 그 효과가 엄청나니 고고하세요."
926,5,91일 아가 매일 목욕후 세번 펌프해서 얼굴에 발라줘요 ~~~ 야드름이나 뭐가 생길땐 양을 줄였는데 더 올라오는가 같더라구요 ~~ 아기들은 보습이 충분하면 트러블이 앖다니 그래서 한번 펌프해서 발라주던걸 3번하는데 대충 발라주면 제형이 아가들 솜털때문에 겉도는거 같은데 손바닥 비벼서 꾹꾹 눌러 흡수 시켜줘요 ~~ 정말 좋으네요 사용기간 대비해보면 가성비도 너무 좋아요
927,5,5개월아가 오돌토돌 피부가 올라와 고민이었는데많이 부드러워졌어요! 다른 로션 바꿔가며 써봐도 차도가없길래비싸더라도 나아지길바라는 마음에 급히사서 2주정도발랐더니 괜찮아지고있는것같아요손목이나 다리에 접히는부분과 침독오른 턱에도 크림과 수시로 발라주니 많이 나아졌어요.좀더 오래쓰고 효과보고싶어요.가격이 싼편은 아니지만요
928,5,"조리원에서부터 10개월된 지금까지 쭈욱 사용하는 제품이에요🥰 신생아여드름,열꽃,침독에는 세럼바른후 로션발라주면 확실히 눈에띄게 가라앉고 단시간에 없어지는 효과가 있어요 개인적으로 향도좋고 수딩젤같은제품보다 끈적임이 없이 흡수도 잘되어서 가격대비 용량이 적어도 떨어지지않게 구비해서 사용한답니다👍"
929,4,신생아때는 홍반으로 만6갤인 지금은 지루성피부염이 한번씩 올라와서 계속 사용중인데 사실 요거 써서 들어간건지 시간이 흘러 자연치유된건지 딱히 모르겠네요. 근데 워낙 유명한 제품이라 안쓰면 뭐가 막 올라올까싶은 약간의 불안감때문에 아직 중단은 안해봤어요. 이거 발라도 땀띠나 지루성은 올라와요. 보습력은 좀 부족해서 다른걸 더 발라줘야 합니다.
930,5,"신생아때부터 쭉 쓰던 세럼이에요
가격과 양이 상당히 사악하지만 18개월인 지금까지두 잘 쓰고 있어요
신생아땐 태열 잡는다고 썻구
여름엔 땀띠,
겨울인 지금은 조그마한 알러지(피부가 예민한편)이나
붉은기 조금 올라오면 발라줘요.
아직 애기라 스테로이드나 연고 쓰기두 뭣하고
좀 붉어진 피부에 진정효과가 있는거 같아
잘쓰고 있습니다"
931,5,"너무 좋아요 유명한건 이유가 있나봐요.
여름아기라서 얼굴이 빨개지고 땀띠 올라오더라구요.. 물수건으로 열 식혀주고 로션 열심히 발라줘도 큰 효과 없어서 넘 속상했는데 이거 쓰니까 진짜 다 가라앉았어요!! 유기농 성분이라는데 효과가 이렇게 빠를 수가 있나 싶어요
한병 다 쓰고 없으니 불안해져서 얼른 또 하나 구매했네요ㅎㅎ"
932,5,조리원에서부터 사용했고 진정효과가 있어서 그런지 올 여름 탈없이 잘 넘겨서 2개 더 구매했어요. 다른데도 붉은기가 좀 올라오면 이걸 발라주는데 효과가 어느정도 있는거 같아요. 지금은 바스 로션 오일 쁘리마쥬만 사용해서 타 브랜드랑 어떤 차이가 있는지 모르겠지만 자극이 없어서 일단 돌까진 쓸 생각이예요.유통기한도 넉넉해서 만족해요
933,5,"조리원에서 쁘리마쥬 여러 상품을 구매했었는데 이 세럼에 대한 만족도가 제일 컸어요. 생후 3주부터 태열이 좁쌀여드름처럼 올라오기 시작해서 꾸준히 발랐더니 많이 좋아졌고, 머리쪽에 지루성 피부염처럼 노란 딱지가 생긴 부분에도 효과가 좋았어요. 이제 거의 다 없어지기는 했는데 용량이 약간 부족하여 한통 더 주문했어요."
934,4,가격은 사악한데 아기 얼굴에 태열올라와서 급하게 주문했어요 조리원서 오일이랑 기저귀크림만 샀었거든요 그땐 태열이 없어서 필요없겠거니 했ㄱㅓ든여. 지금 바른지 이틀됬는데 많이 가라앉았어요 세럼때문인지 집온도 낮추고 가습기 틀어나서 그런건지 잘 모르겠지만요 ㅎㅎ 시원하게 냉장고에 넣어놓고 써요
935,5,"신생아때부터 쭉 쓰고 있는 제품이에요~
조리원에 있을때 쁘리마쥬 제품으로 다 구입해서 쓰다가 가격이 부담되서 다른것들은 다 바꿨는데 얼굴만큼은 7개월인 아직도 쁘리마쥬 세럼이랑 보습크림 발라주고 있어요
요 제품때문인지는 몰라도 저희 애기는 태열이랑 침독 다 별로 심하게 난적 없어요
트러블 살짝 올라와도 수시로 세럼이랑 보습크림 발라주면 금새 가라앉더라구요"
936,5,얼굴에 좁쌀처렁올라와서 바르던 크림바꿨는데도 안되서 수딩젤알아보다가 샀습니다 용량은엄청작구요 깨지지않도록 포장 잘되어왔습니다 딱하루한번 쓰고 담날 진짜많이 좋아졌어요 심하던건아니였지만쫌 사라지고 그담날 여러번바르니 점차개선되는게보이네？C아직 3일째라더지켜봐야겠지만저는너무만족합니다!그래도만족 다쓰면 또사야겠어요
937,5,집이 좀 더웠는지 애기 얼굴에 태열이 확 올라왔어요ㅜㅜ빨갛고 오돌토돌한 부위에 수시로 발라주며 집 온도를 좀 낮췄더니 금방 태열이 가라앉았어요!!! 다만 바르고나면 피부가 건조한 느낌이라 수딩젤 바르고 로션도 발라서 보습 잘 해줘야 할 것 같아용! 용량이 적은데 가격이 좀 나가서 부담스러웠는데 적은 용량만 발라도 충분해서 생각보다 오래 쓸 수 있을거같아 만족합니다!
938,5,"첫째 때도 만족하면서 잘 써서 둘째아기 태열이 많이 올라와 구입했어요
용량에 비해 가격이 사악한거 빼면 다 만족해요
질감은 이름처럼 어른들 세럼 느낌이고
바르면 하얗게 뭉치기도 해서 쓱싹쓱싹 펴발라줘야 해요
수딩젤이라 그런지 보습력은 뛰어나지 않아요
촉촉하게 해주고 싶으면 크림이랑 같이 발라야해요
ㅠㅠ"
939,5,"진짜 첫째부터 둘째까지 침독이랑 태열 너무 심한데 이거바르면 끝임 이미 유명하지만 모르는사람들도 제발 알았음함 다른거 유명한거 다 써봤지만 세럼이 최고 항생제 필요없음
둘째 침독으로 볼이 피나고 난리였는데 보습 잘해줘도 더 심해지기만 했음
안되겠어서 얼른 주문해서 발라줬더니 이틀만에 저렇게 좋아짐 ㅜㅜ 엄청 좋아짐거임 진짜"
940,5,첫째때 처음 접한 쁘리마쥬! 그중에 이 세럼은 지금까지 너무 잘 쓰고 있어요~ 첫애가 여섯살이니 벌써 5년째네요~ 가격이 있어도 포기할 수 없는 이유는 일단 피부가 너무 촉촉해지고 신생아땐 태열이 있을때도 잘 사용했어요~ 그리고 저희 첫째 피부가 완전 뽀얗고 꿀피부인데 세럼의 역할도 있지 않았나 싶어요^^ 최근 둘째가 태어나면서 둘째도 같이 사용하려고 합니다~ 쁘리마쥬 세럼 정말 강추강추해요! ^^
941,5,생후 두달경부터 얼굴에 좁쌀여드름이 너무 심하게 올라와서 수딩크림도 써보고 이것저것 써봐도 호전되지 않아 돈버린다는 마음으로 사본건데.. 너~므 좋아요. 이거사용하고 3-4일 만에 가라앉는게 보이고 이후에도 조금씩 좋아져 10일째 거의 다 사라졌어요. 가격이 너무 사악한데 아기한테는 효과가 있어요.
942,5,세럼 발랐을때 촉촉하고 아기 얼굴도 반짝반짝 합니다 피부에 약간 오톨도톨하게 올라왔었는데 한 7일 정도 바르니 들어가서 지금은 아주 깨끗하네요!!!! 그렇지만 겨울용으론 조금 수분감이 부족한듯 해서 고민입니다..시간이 지나니 얼굴이 좀 건조해지더라구요.. 다른 로션과 섞어 바를까 합니다..여름엔 정말 좋을거같아요
943,4,"여름아기인데 한참 더울때 산후도우미님이 애 춥다고 자꾸 온도 올리셔서 태열이 심하게 올라왔었는데, 세럼이랑 크림 쓰고 정말 많이 좋아졌어요.
이후 주변 지인들한테 강추하고 있습니다.

가격이 높은거랑 오픈 후 3개월 이내로 써야하는데, 다 쓰기에는 많아서 작은 용기로도 나왔으면 좋겠어요."
944,5,생후10일차 아기얼굴에 태열이 잔뜩 올라왓엇어요 급하게 세럼을 구입해서 세럼발라주고 좀 흡수시킨다음 보습크림을 발라주엇습니다 정말 거짓말처럼 그 다음날 많이 가라앉더니 바른지 이틀만에 깨뜻해졋어요!! 그래도 하루에 한번씩은 꼭 발라줍니다 태열세럼 완전 강추합니다!!! 냄새가 좀 강하긴 하지만 바르고 좀 잇음 날라가더라구요 참고하세요~
945,5,"아기 태열때문에 구매했어요, 약국화장품으로 프랑스에서 유명해서 알게되었는데, 아기 태열이 잘안잡혀서 고민하다가 조리원 동기분이 좋다고해서 구매했네요~ 면세점에서 꼭 한개씩은 사던데, 저희아기는 태열없을줄알았더니 생겨서 구매해요. 원료도 100프로 자연유래성분이라 좋구요, 페퍼민트잎수가 제일많은성분인데, 짜서 바르면 코코넛향이나요"
946,5,"저희 아이는 여기 제품이 잘 맞는것 같아요. 몸에 열이 많은 아기라 겨울인데도 실내온도 23도만 되어도 몸에 오돌토돌 올라와서 엄청 스트레스 받았는데, 난방 안틀고 세럼이랑 크림 잘 발라주니 이틀만에 거의 다 들어갔어요. 가격은 좀 있는 편이지만 효과가 좋으니 계속 써보려고요."
947,5,"아가가 타사 수딩로션과 로션을 바르면 자지러지게 울고, 그렇다고 안발라줄순 없고 알아보다가 조리원에서 사용하던 쁘리마쥬로 다시 이용하게 됐습니다.
촉촉하고 금방 흡수되서 좋아요. 아가가 덥고 침을 많이 흘려서 오돌토돌했는데, 2일정도 꾸준히 바르니까 좋아졌어요! 가격이 사악하긴 하지만...꾸준템으로 구매예정이에요"
948,5,"태열이 심해서 구입했어요
다행이 저희아가한테 잘맞고
태열올라와서 발라주고 하루자고나면
쏙 들어가있네요ㅋㅋ
더우면 금세 다시 올라오긴하지만..
태열도 태열인데 아가 볼피부가
튼거처럼 거칠거칠하고 아무리 로션을
발라줘도 금세 말라버렸는데

이삼일 바르고 나니깐 볼에 거칠거칠한건
없어졌어요 그점이 제일 ^^"
949,5,아이 얼굴에 태열기가 있어서 수딩젤사서 썼었어요 근데 바르면 더 생기고 그대로더라구요ㅠ 진짜 이번이 마지막이다 생각하고 쁘리마쥬 세럼 구매해서 발라주고 있는데 뭔가 좋아지고 있는것 같아요 발라서 좋아지는건지 뭔지는 아직 잘모르겠지만! 향도 나쁘지않아서 저도 같이 사용하고 있습니다 꾸준히 잘 사용하고 다음에 또 구매할게요~ 많이 파세요
950,5,분유 때문인지 아기 턱에 자꾸만 좁쌀이 생겨서 주문해봤어요. 요것 발라주면 확실히 진정됩니다. 건조한편이라서 마무리는 크림이나 로션은 덧발라줘야 하는데 가끔 얼굴에 심하게 올라오면 요것만 듬뿍 발라줘도 괜찮아요. 비싸지만 한번 정도만 펌핑해서 쓰기 때문에 꽤 오래 사용할 것 같아요. 떨어지면 다시 구매하려구요
951,4,생후 한달 지나니까 태열이 심하게 올라와서 바로 구입했어요 크기는 작아도 은근히 오래 쓸거 같아요 향이 좋고 바를때 약간 하얗게 뭉칠때도 있는데 톡톡 두드리면 흡수 잘 되는거 같아요 아직 사용한지 몇일 안되어서 드라마틱한 효과가 있는건 아닌데 그래도 바르고나면 붉은기가 약간 사라지는거 같아서 꾸준히 잘 발라줘야 될거 같아요~
952,5,"9개월 아기 키우고 있어요
아기가 침을 자주 흘리는데 얼굴에 침독이 올라서 빨갛고 오돌토돌하게 피부가 뒤집어지더라구요ㅠㅠ 원래 제로이드 크림 계속 발라주고 있었는데 별로 효과가 없어서 친구한테 추천받아서 이거 써봤는데 너무 좋네요
쁘리마주 세럼 먼저 바르고 제로이드크림으로 마무리중이에요 ㅎㅎ
몸에 습진 난 곳에도 듬뿍 발라주니 좀 낫네요
투명한데 손으로 문지르면 하얗게 돼서 첨엔 놀랐어요;; 요"
953,5,"아기 20개월이예요~
태어나서 조리원에서부터 사용했어요~
해외거주했어서 돌 좀 지나서까지는
면세에서 구매해서 여유분까지 구비해놓고
사용했는데 다 사용 후 아기도 어느정도
커서 다른제품 사용했는데...사용할때는
몰랐네요 당연히 좋은줄만 생각했지
안 써보니 알겠더라고요~세럼 정말 좋고요~
크림도 백탁현상은 있지만 잘 발라주면 금방 흡수되고 촉촉해요~~아기가 클때까지 쭈욱 계속 사용할 생각이예요"
954,5,조리원에서 현금으로사는게 제일 저렴하지만 가격차이가 많이 안나서 그냥 인터넷으로 주문했어요~ 냉장고에 넣어두고 태열 올라오는데 발라주니 잘 들어가고 좋아요! 성분도 좋다고해서 믿고 쓰는데 향도 너무 좋은 것 같아서 씻기고 발라주면 아기한테 너무 좋은 냄새가 나요~ 용량대비 가격이 부담스럽긴 하지만 이건 다쓰면 또 사려구요
955,5,아기 태열때도 유용하게 잘 썼어요 이제 24개월아기 쁘리마쥬 졸업했나 했는데 땀띠가 올라와서 예전 신생아때 받아두었던 세럼 샘플 발라주니 드라마틱하게 붉은 자국 없어지고 오돌토돌 땀띠도 쑥 들어가서 본품을 다시 안살수가 없더군요 역시 진짜 최곱니다 가격이 사악해서 그렇지 진짜 최고에오
956,5,일단 그냥 효과가 짱이예요~가격이 사악하지만 첫째도 둘째도 잘 ？㎨楮？~태열이 둘다 있어서 아주 필수템이예요~향은 산뜻한 그런 향은 아니고 머스크향 같아요~오일이랑 같이 쓰면 더 좋다고 하는데저는 보습은 크림을 좀더 자주 발라주엇고이걸 산 목적이 태열때문이라 이거랑 아토팜수딩젤을 열심히 발라？Z어요~
957,5,"발랐을때 약간 끈적거리는 느낌있다고 생각했는데 보습효과가 오래가네요 첫째가 쁘리마쥬 안맞아서 안사려했는데 둘째 태열때문에 주변에서 추천많이해서 혹시해서 샀는데 둘째 피부에는 너무 잘맞아요 태열 붉은끼가 다 들어가고 피부도 훨씬 촉촉해졌어요
이럴줄알았으면 일찍사줄껄 그랬네요
배송도 빨랐어요 추천합니다
태열 붉은기 사라진 모습 사진 추가합니다"
958,5,애들이 조리원에서부터 쓰고 있는데 6월생인데도 탈없이 잘 지내서 벌써 몇번째 재구매해요. 침 흘리고 건조해서 얼굴이 빨갛게 되서 하루에 수시로 발라주니 금방 진정되고 붉은기도 가라앉아서 맘에 들어요.서비스를 받기 위해서 다른제품 아직 있는데도 금액 맞춰서 많이 샀어요.전에는 몰라서 단품만 계속 구매해서 아쉬워요
959,5,"조리원에서부터 쓰던 세럼 다 떨어져서 재구매했어요
태열에 바르면 하루만에 태열 다 들어가서 필수템이예요 가격은 나가지만 비싼 이유가 있는 제품입니다.
아기 왠만치 클때까진 쁘리마쥬 계속 쓸 예정이고 특히 세럼 오일 기저귀크림은 다른 브랜드로 못갈아탈것같네요ㅋㅋ"
960,3,"향은 개인적으로 별로예요~ 아기 세럼치고 가격이 꽤 비싼편인데 그만큼 효과가 있는지는 잘 모르겠어요~ 태열 있을때 벗겨놓고 다른 제품 썼을때 보다 효과적이어서 재구매하진 않을 것 같아요.
아기에게 바르고난 후 피부가 코팅되는듯한 느낌은 있어서 빤질빤질해보이네요. 두드려주면 흡수는 잘되는 편입니다"
961,5,"세 번 써봤는데 좋은 거 같다. 성분이 전부 천연유래라 덜 자극적인거 같다 아직까지 특별한 이상은 없는데, 계속 쓸 듯 함. 다만, 가격대가 높고 용량 자체가 적어서 아기 얼굴에만 조금씩 발라주고는 있는데 얼마나 쓸지는 아직 모르겠음 암튼 추천함. 적절한 아기 제품 찾기가 번거로워서 어지간 하면 계속 쓰게 될 듯"
962,5,"조리원에서 쓰는거 보고 세럼 빼고 다 구매했어요 향도 좋고 아기랑 잘 맞아서요
60일 넘어서 주먹고기를 먹더니 침이 많이 묻어서 볼에 침독이 올랐어요
혹시나 주신 세럼 샘플 바르니 쏘옥 가라 앉네요
지금은 약간 건조해서 로션도 같이 쓰고요
향이랑 발림이 맘에 들어서 아가꺼 제꺼 하나씩 구매해요"
963,5,"처음 바를때 향 맡고 깜짝놀랐어요^^
향긋하고 상큼한꽃향기가 나서 나도모르게 손에 묻은 잔향을 맡게되더라구요
아가가 침독이 심해서 구매하게 됐는데 아직까지 눈에뛰게 좋아지는건 아니지만 바르면 촉촉하고 좋네요 피부개선 효과도 있길 빌어봅니다🙏"
964,5,알뜰하게 다 썼어요. 가격이 좀 있는 편이라 아기얼굴에만 발랐는데 얼굴피부가 진짜 꿀피부되었어요. 태열이 있어 이것저것 수딩젤이며 로션이며 크림이며 유목민하다가 마지막으로 쁘리마쥬 썼는데 후회해요. 유목민할 것 없이 처음부터 쁘리마쥬 쓸 걸 ㅠㅠㅠ 태열 확실히 잡혔구요 아기 얼굴 붉게 올라왔을때 발라주고 보습크림 발라주면 잘 진정되요. 앞으로도 계속 쓸거예요. 하나 더 샀어요ㅋ
965,5,"오오 이유식 제대로 안닦이고나서 피부 뒤집어진게 진짜 여기저기 유명한 고보습 화장품으로도 개선이 없었는데( 튼 것 처럼 붉게 올라오고 만지면 발뒤꿈치처럼 거칠거칠) 이거바르고 확실히 없어졌어요!!
반병쯤 남은 지금 또 게을러져서 제가 잘 안발라주게되네요ㅜㅜ"
966,5,좋아요. 붉은기도 잡아주는 거 같고. 아이가 어렸을때 한 번 쓰고 다른 로션쓰다가 돌발진일어나서 피부가 좀 뒤집어졌더라고요.열도 내리고 괜찮아졌는데 피부가 얼룩덜룩한게 오래가서 다시 사서 썼는데 예전처럼 다시 뽀송뽀송 하얘졌어요. 그래서 얼굴이라도 이걸로 발라주려고 또 샀습니다.
967,5,"세럼류 중에는 보습감이 좋아요~ 겨울에는 크림과 함께 발라야 하고, 여름에는 하나만 바르면 촉촉 할 것 같아요~ 흡수력은 애바애 이겠지만 저희 애 피부에는 톡톡 두드리면 잘 흡수됩니다~ 가격은 비싸지만 이 제품 써서 저희 애는 태열도 좋아지고 침독도 가라앉아서 현재까지 얼굴 피부 트러블 없어요~ 좀 더 저렴하고 비슷한 성능 제품 찾기 전까지는 계속 이 제품 쓸 것 같아요~"
968,5,"우리아기 태열때문에 신생ㅇㅏ때부터 쓰는 세럼에요. 3병짼데 태열에는 완전 제대로 효과를 봤는데 이제4개월이 되니 딱히 태열이랄건 없지만 조금 트러블이 보이면 무조건 발라주고 있어요 지금은 효과는 모르겠지만 그냥 필수로 발라줘야 할것 같은 느낌에 항상 쓰고 있어요 침독에 좋을까싶어
꾸준히 발라보는 중이에요"
969,5,"아가 2개월에서 4개월까지 태열있을때 효과본 뿌리마쥬, 10개월 침독과 땀띠로 아가얼굴에 머가 올라와서 재 사용,
우리 아가는 잘 맞는지 다시 쓴 지 일주일도 안되서 뽀송한 피부로 돌아왔어요.
더불어 화장품 용기로 노는걸 좋아해서 장난감 역활도 톡톡히 해요..안 보고 있으면 먹으려고 해서 난감하지만:;"
970,4,"8개월 아기 엄마고, 이번이 5번째 구입이에여
아기 볼 빨갛게 자극 올라올때 이 세럼만한게 없어서 이번엔 2병씩 구입해요. 베베루미 세럼은 가격도 저렴하고 대용량이지만 자극진정에 도움안되고 어떨땐 더 빨갛게 만드는것 같아 손이 안가요ㅜ 한가지 아쉬운건 30ml짜리라 아무리 아껴써도 한달을 못 써요. 60ml, 100ml 로 더 큰 용량 제발 만들어주세요ㅜ"
971,5,"조리원에 있을때부터 사용했던 세럼이예요! 조리원에서는 태열이 없어서 혹시나 하고 샀는데, 집에와서 아기는 따뜻해야 한다는 어른들의 말을 듣고 따뜻하게 해줬더니 몸이랑 얼굴 난리 났었어요, 이 세럼 딱! 바르면 다음날에는 바로 가라앉았어요! 지금은 목욕 후에도 부지런히 발라주고 건조한 부분에 로션과 함께 발라주고 있어요!"
972,5,쁘리마쥬 바디랑 로션은 안 맞아서 친정엄마 드렸는데 ㅋㅋ 이 세럼만큼은 정말 좋아요!! 아기 얼굴에 울긋불긋 올라온 데 발라주고 다음날 되면 진정돼있어요. 거기다 꾸덕한 크림이나 비펀텐까지 발라주면 침독은 그냥 해결돼요!! 비싼 가격에 한방울 한방울 아껴쓰지만 돌 때까지는 해주려구요.
973,5,태열이 너무 심해서 벗겨지고 난리도 아니였는데... 꾸준히 리뷰믿고 열심히 발라봤어요.. 왠걸!!!! 하루 이틀 나아지는게 눈에 보여요. 지금 쓴지 3일 밖에 안되서 백프로 장담은 못하지만 많이 좋아졌어요. 멍게새끼에서 사람으로... 근데 향이 너무 진해요... 그점이 아쉽지만 너무 좋아요. 싹가라앉았어요.
974,5,"볼에 태열 플러스 침독 올라서 급히 주문했어요
집 온도가 26도까지 높아졌었고 건조했는데
온도부터 22도로 춥다싶게 확 낮추고 가습기사서 풀가동하면서 쁘리마쥬 세럼에 아토오겔 크림 같이 발라주니 이틀만에 들어갔네요^^ 세럼이 한몫한것같아요 감사합니다.."
975,5,"아기 태어났을때부터 113일이 된 오늘까지 매일매일 얼굴에 발라주고 있어요~ 생후 2개월까진 태열이 올라와서 그때마다 발라주니 진정효과가 너무 좋았구요, 요즘은 태열은 하나도 없지만 그래도 가끔씩 아기 여드름 같은 게 하나씩 올라올 때 진정이 빨리 되는 것 같아요! 지금 2통째인데 한 통 더 구매할 예정입니다."
976,5,"아기가 안겨자면서 얼굴에 태열이 올라와서 알아보다 이 세럼을 구매하게 되었어요~
평이 좋아서 구매해서 바로 사용했는데
첨엔 향이 너무 강한거 같아서 별로였는데..
태열은 눈에 띄게 들어가는거 같아요
세럼 하나론 보습이 부족한거 같아서 로션이나 크림을 더 발라주었어요.
소량씩 사용하니 오래 쓸것 같아요."
977,5,"조리원에서 집에 온 뒤로 집 온도가 좀 높았는지 애기 얼굴에 태열이 올라오더라고요.
점점 번지길래 알아보다가 좋다고 해서 주문해봤는데 일단 배송이 빨라서 너무 좋았어요~
발라준지 이틀 정도 됐는데 벌써 많이 가라앉아서 매우 만족하고 있습니다^^"
978,4,"이 세럼 자체의 보습력은 중간 정도에요. 바른 뒤에 꼭 보습크림 잘 발라줘야합니다. 14개월된 아기인데 갑자기 최근들어 자잘한 트러블이 올라오길래 예전에 태열, 침독으로 고생하던 때에 잘 썼던 거 생각나서 주문해봤어요. 효과 좋았으면 좋겠네요~"
979,5,"애기가 신생아 이제 졸업했는데 볼이 건조해서 거칠거칠.ㅜㅜ 일부러 유명하대서 가격대 나가도 여기꺼 샀어요
냄새가 너무 향기로워서...좀 걱정되는데 촉촉하네요
일단은 향후를 지켜봐야겠디만 바르고 6시간지났는데 별문제없어요
이 세럼 먼저 바르고 보습크림 그위에 덧발랐더니 계속 촉촉합니다."
980,5,"뾱뾱이를 엄청 많이 감아서 보내셨네요.ㅎㅎㅎ
안깨지고 잘 왔습니다.
다른데서 태열키트세트로 구매해서 쓰다가 세럼만 다 써서 구매했어요.
아기 얼굴에 트러블, 태열기 가라앉히는데 효과 직빵입니다.
바르고 하룻밤만 자고 일어나도 좋아진게 눈에 보여서 비싸도 사서 쓸수밖에 없네요."
981,5,"태어나자마자서부터 써서 두통째 쓰고있는 제품입니다.
발랏을때 촉촉하지도 않고 싹 말라버려서 바른듯만듯 그런데, 어떻게 이리 태열이나 트러블을 확 가라앉히는지 정말 신통방통한 제품입니다…
땀띠처럼 목에 오돌토돌 났길래 며칠 발라줬드니 훅 사라지고.. 정말 신기해요."
982,5,태열올라온게너무심해서 리도맥스발라도그때뿐이더라구요ㅜ그래서태열에쁘리마쥬세럼이좋다해서급하게주문했어요!19일부터바르기시작했고현재24일인데많이좋아졌어요따로춥게시키진않고그냥꾸준히생각날때마다발라줬어요!그리고냄새는진짜너무강하네요..😭꾸준히바르면다시보들보들피부로돌아올꺼같네요ㅎㅎ다만바르고건조하다하단댓글보고그위에또크림을바르니밀리네요ㅜㅜ그래서시간텀좀두고위에다시크림을발라주네요
983,3,"늘 들어왔던 입소문난 제품이죠
그래도 사람마다 맞는게달라 반신반의하며 구입했어요
발림성은 너무 좋아요 부드럽네요
향은 저에게 강해서 아기에게도 세지 않나했어요
보습을 원하면 크림을 덧발라야해요
쿨링감이 있어서 잠시 완화는 되지만 좀 더 사용해볼게요."
984,5,"우리조카 선물로 줬어요!!!!
6개월아가인데 얼마전부터 좁쌀처럼 얼굴눈주위에 올라오더니 잘때나 수시로 비비고 손을 대더라구요, 오빠언니 말에 의하면 세럼 바르고 다음날부터 많이 좋아진게 눈에 보인대요!!!! 배송도 빠르고 꼼꼼한 포장으로 왔네요, 강추"
985,5,"저희아기 17개월인데 태어나자마자 조리원부터 쓰기 시작해서 지금까지 꼭 쓰고있는 화장품이예요!!
쁘리마쥬세럼은 인생템👍 아가 얼굴에 한두개씩 올라오는 뾰루지에 콕 콕 발라주면 다음날 바로 들어가는... 끊을수가없어요 😭"
986,5,원래는 아기 50일쯤 구매하려고 태열키드 알아봤었는데 가격이 너무 사악하여 포기했다가 5개월되어 더운 날씨땀에 땀띠가 싹 올라와서 세럼만 구매했는데요 이삼일만에 바로 들어갔네요^^ 역시 유명한 이유가 있어요! 왜 진작 사지 않았는지 후회됩니다 제값 합니다
987,1,"배송도 느리고 잘못보내놓고 사과도 없고 뒤늦게 전화와서 내일 도착하게끔해준다고 해놓고 그다음날 주시고 어쩌거나 6일 정도 세럼 발라봤는데 태열. 아토 같아서 하루 세번 발라봤는데요 효과는 없고 점차적으로 더 번지는것 같네요 보정되어있어서 그러는데 빨갛게 되어있어요 .. 돈만 낭비했네요ㅜㅜ 어휴.. 사진보시면 바르기 전 후 인데.. 왜 더 넓어지는지를 ... 어휴ㅜㅜ 그리고 도포 후 건조해요 ..
지푸라기 잡는 심정으로 쁘리마쥬 오일 안쓰고 궁중비책 수딩젤 바르니깐 가라앉네요.. 결론은 우리애한테는 안받네요"
988,5,비싸긴해도 확실히 좋아요 다른거 이것저것 써도 애기 볼에 습진이 안가라앉아서 조리원에서 발랐던 쁘리마쥬 생각이나서 구매해 발라주니까 반나절만에 바로 가라 앉는게 보이네요 진작 사줄걸 ㅜ 향이 강한거 같아서 아주 적게 쓰는데 적은양으로도 효과가 좋은것 같아요
989,5,"다른 건 몰라도 이 제품만은 아무리 비싸도 재구매 의사 있습니다!! 아가 얼굴 태열뿐만 아니라 정체모를 무언가가 뽀록뽀록 올라왔을 때도 요걸 바르면 며칠 있다가 없어집니다. 그리고 가장 놀라웠던 건, 기저귀 찬 곳이 발진같이 벌겋게 된 적이 있었는데, 그때 요걸 발라주니 다음날 바로 괜찮아졌습니다! 그래서 재재재구매 의사 있습니다ㅎ"
990,5,꼭 외국 제품이 좋은건 아니지만그래도 아기가 바르는거라서신경써서 조금 비싸도 구매 했어요병원 가도 잘 안없어 지던피부 트러블우리 아기 신생아 태열부터 해서이번에 여름 땀띠까지이거 하나로 해결 했어요배송도 빠르고유통기한도 널널해서너무 만족 스럽습니다.
991,5,"아이 피부때문에 매번 이제품을 사용합니다
다른제품보다 왠지 더 빨리 가라 앉는거 같아섴 저도 모르게 다떨어질때쯤 되면 맘이 급해져서 주문을 ㅋ 이번에도 넉넉하게 두개 주문했습니다~ 태열 피부자극에 아주 좋아요~!!

제 애기는 이제 태열은 아니고 피부에 여러 가지 자극이 생길때마다 발라주고있어요"
992,5,태열때문에 이것저것다써보다 쁘리마쥬는 유명한데 비싼데 맞지도않음 어쩌나 싶어서 돌고돌다 시켜봤는데 첨부터 이거 쓸걸그랬네요 첨엔 안맞나 싶다가 그래도 꾸준히 발랐더니 3일만에 뽀얀피부됬어요 다른것도 있는거다쓰고 쁘리마쥬로 갈아탈려구요.
993,5,"신생아실에서부터
19개월인 지금까지도
꾸준히 쓰고있어요
다른것도 써봤는데 피부 트러블나서ㅜㅜ
못바꾸고 계속씁니다
울아기덕분에 엄마아빠는 돈 열심히 벌어야 ..
여튼 좋아요
가격이 조금만 더 내리면 좋겠어요
아니면 용량이 늘던지ㅎ"
994,5,"향기가 너무 강한것 빼고는 만족해요.
30일 지나 태열이 생겨 발랏는데 일주일 정도 뒤부터 많이 좋아졌어요. 지금은 60일 아주깨끗해졌어요. 세럼때문인지는 모르겠는데 날도 추워지고 다른 크림도 발라줘서인지 하튼 보습잘해주시면 태열좋아지니 너무 걱정마세요~~
적어도 하루 두번은 발라줫어요 아침저녁으로"
995,5,"역시 이름앞에 국민템은 비싼만큼 그 값을 하네요
백일 좀 지난 아들램 얼굴에 지루성피부염 발진 생겨서 소아과 약 먹고 연고 바르고 ㅠㅠ
맘 아팠는데 주변 엄마들이 다들 쁘리마쥬 세럼 추천해줘서 바로 주문했고 배송 엄청 빨리 왔어요!
몽*** 수딩젤 쓰다가 아* 수딩젤 많이 쓴다해서 바꿨다가 더 각질처럼 올라오고 건조해져서 피부가 난리도 아니였는데 쁘리마쥬 세럼 바르고 몽*** 수딩젤 바르고 아** 크림 발라줬더니 발진이랑 각질 부분이 엄청 빨리 가라앉았어요
다쓰기전에 또 구매할거예용ㅎㅎㅎ"
996,5,"두돌 아기구요 원래 보들보들 꿀피부였는데 요근래 얼굴에 발진처럼 올라왔어요.
신생아때 태열이 심했는데 쁘리마쥬 쓰고 정말 많이 좋아졌던 경험이 있어서 구매했어요.
저는 일단 향이 애기애기한 느낌이라 너무 좋아요. 가격이 부담돼서 세럼만 구매했다가 로션도 추가 구매 했습니다.
이번에도 쁘리마쥬 쓰고 아기 피부로 돌아오길🙏🏻"
997,5,이건 대박이라는 말 밖에... 이제 갓 한달 된 아가 태열이 하루가 멀다하고 심하게 번져서 구매하게 됐어요 어제 도착하자마자 바로 발라줬는데 붉게 성난 것 부터 바로 가라앉아서 제 눈을 의심했네요;;;; 오늘도 열심히 발라주고 있어요^^ 엄마들 사이에서 인기가 좋은 이유를 알겠어요^^
998,5,두 병 째에요. 원래 태열 때문에 얼굴에만 크림과 함께 바르고 있었는데 몸에 땀띠가 나는 바람에 몸 전체에 발라 주고 있어요. 하루에 네다섯번 씩 발라주니 조금 진정되는 것 같아 만족해요. 그래서 한 병 더 구입해요. 로션과 함께 구입했는데 손수건이 와서 선물 받은 기분이에요. 고맙습니다 :)
999,5,"아기 100일 다되서 갑자기 피부가 이상해지더니 의사선생님이 땀띠라고... 기존 발라주던 제품이 부족했는지 여기저기 검색했는데 다들 쁘리마쥬 세럼이 좋다고 하더라고요.
세수하고 발라주면 촉촉하니 좋아요
한달 안됬는데 거의 다 써가네요.다 쓰면 추가구매할 예정입니다."
1000,5,신생아때부터 쓰던 제품이에요. 덕분에 태열이든 침독이든 따로 연고 쓰지않고도 조금만 기미가 보이면 세럼을 바른후 쁘리마쥬 크림을 듬뿍 발라주면 금방 가라앉아요. 향도 너무 좋고 소중한 아기한테 너무 잘 맞아서 다른걸로 못바꾸겠더라구요
1001,5,아이가 태어나서부터 32개월인 지금까지 꾸준히 쓰고 있어요.흡수도 잘되고 얼굴부터 엉덩이까지 피부트러블 잠재우는데 최고인듯. 사실 똥꼬는 민감한 부분이라 연고조차 함부로 사용하기 어려운 부위인데 성분믿고 사용하네요^^; 아이 엉덩이 발진 진정도 잘되고 가끔 제 얼굴뽀루지 진정시킬때도 씁니다.효과 좋아요^^
1002,5,"신생아때부터 16갤 현재까지 쭈욱 쓰고있어요 얼굴피부진정은 이거만한게 없어요~가격부담때문에 타브랜드 아기로션,크림등 여러가지 사용해봤지만 눈에보이는 효과가있는건 요 세럼뿐....가격이 좀 부담스럽지만ㅜㅜ 제 화장품 줄이고 아이에게 투자합니다😂"
1003,5,"얼굴에 발라서 좁쌀여드름이 들어가 지금은 얼굴뿐만아니라 몸 전체에 발라주고 있어요~ 그러다보니 가격대비 비싼 느낌인 제품을 마구 사용하게 되었다는 … ㅜㅡㅜ 그래도 ㅇㅏ기 발라주는거다보니 계속 사용중입니다

저휘 아기 피부가 조금 예민한 편인데 이상 없고 좁쌀 여드름도 완화 되어 조금씩 사라지는거 같아요~"
1004,5,"아가들 신생아때부터 지금까지 꾸준히바르있어요

목욕하고 잠깐 올라올때라가나 더워서 땀띠 올라오려고 할때 발라주면 정말 내려가는게 눈에보입니다

유기농이라 다들 유통기한아쉽다고하지만
저는 둥이들이라ㅎㅎ한달반이면 딱끝나네요"
1005,5,"우연히 샘플을 얻어서 있길래 싸봤는데
태열이 올라온게 매일 줄어드는게 보여서 신기했어요 3일 바르고 싹 사라지더라구요
처음엔 가격이 있는편이라 고민했는데 눈에띄게 효과가 보이는데 어떻게 구매를 안하겠어요 다가오는 여름이 두렵지않네요 ㅎ"
1006,5,"꾸준히 써봐야알듯요~ 신생아때 썼다가 아기띠한이후로 배쪽이 난리가 나서 급하게 구매했어요~ 아기태열이 낫는다면야 향따위~~
유산균도 바꾸고 보습도 하루에 대여섯번정도 해주니 좀 가라앉긴했는데 또 아기띠하면 올라오겠죠 ㅠㅠ
지금은 사진보다 붉은기는 가라앉았어요~"
1007,4,"지인 추천으로 알게되서 구매했는데 시원하게 온도 유지하고 하루 발라줬데도 많이 가라 앉았어요.
안좋은 후기에 건조하다는 느낌은 알로에 바른 후 말랐을때의 느낌과 비슷한데 건조한느낌은 아니라 생각 드네요 .. 애바애긴하겠지만 저희아가는 잘 쓰고 있습니다"
1008,5,"5개월된 아가인데 신생아때 첨 태열 올라오길래 놀라서 첫구매후 몇통째 재구매중입니다 ㅎㅎ
요즘은 태열이 잠잠한거 같아 다쓴김에 원래 다른것만 발라볼까 하고 며칠이 지나니 태열까진 아니지만 피부가 전과같지 않은게 느껴지더라구요 ㅠㅠ
그래서 또 빠르게 재주문했습니다 :)
가격대비 용량이 작아 아쉽지만 아가가 어느정도 클 때까지는 쭉 구매 할 거 같아요!"
1009,5,"아기 피부가 민감하다보니 기초제품도 이것저것 따져서 산 제품인데 다 사용하면 재구매 의사가 있습니다. 로션은 너무 꾸덕꾸덕하니 더운 날씨에 딱 알맞게 보습&트러블 관리가 가능하네요! 다만, 냄새가 상쾌해서 어른들은 좋아하는데 아가는 별로 안좋아하는 것 같아요.ㅎㅎㅎ"
1010,5,쁘리마쥬 세럼이 그렇게 좋다고 추천받아서 샀어요ㅎ가격이 비싸다던데 그만한 이유가 있겠거니 싶었고 무엇보다 아가 건조함과 태열이 가라앉길 바라는 마음에 뭐든 좋은것만 해주고 싶었어요ㅎㅎ 제발 트러블없이 잘 맞길 바래봅니다ㅎ 향이 굳굳
1011,5,"아기 태열과 땀띠가 심해서 관리사님 추천받아 구매했어요
드라마틱한 효과를 보는 아가들도 있다고 하는데 즤아기는 좀 진정되어 보이는 정도네요
바르고나면 약간 끈끈한 감이 있어요
꾸준히 바르면 좋아지리라 희망을 갖고 계속 발라주고있습니다"
1012,5,"태어났을때부터 썼는데 유통기한 짧은거빼면 좋은 것같아요~처음엔 태열때문에 바르다가 요즘은 침독에 바르고있네요ㅠ타 제품보다 훨씬 촉촉하고 쫀쫀해서 비싸더라도 이것만 쓰게되네요
원래 피부가 좋은 아기는 아니라서 더욱 신경써서 발라주고있어요"
1013,5,촉촉하고 바르니 아기피부에 효과도 좋은거 같아요! 한 5일 발랐는데 마스크 때문에 생긴 피부 발진?같은게 나아졌어요~^^ 좋다는 건 알았는데 이정도 일줄은 몰랐네요~ 아기 피부가 예민해서 36개월이 지난 지금도 정착하지 못했는데 이 제품은 꾸준히 써야겠어요~ 좋은 제품 덕분에 아기도 저도 만족합니다!
1014,5,"외출할때 추울까봐 두껍게 입혔더니 태열이올라와서 피부가 오돌도돌엉망이되서 맴찢ㅜㅜ
세럼이 태열에 좋다길래 어제 목욕시키고 발라줬는데 아침에보니 많이 좋아졌어요
가격은 사악하지만 울애기 꿀피부를 위해 아낌없이 쓸거예요"
1015,5,냄새도 너무 좋고 특히 태열이나 좁쌀여드름에 탁월해요. 가격이 사악해서 애기 얼굴에만 발라주고 있어요. 이브랜드 별관심없었는데 세럼쓰고 바스샴푸도 이 브랜드로 바꿨네요. 역시 가격이 사악하지만... 향은 호불호가 있는데 인위적인향 아니고 유기농일것 같은 향이예요.
1016,5,"조리원 퇴소와 동시에 심하게 태열이 올라와서 아토팜 수딩젤 듬뿍 바르고 그와중에ㅡ태열이 잡히질 않아서 조리원동기 동생이 쁘리마쥬세럼이 효과 좋다고해서 급 주문해서 사용했는데 드라마틱하게 피부 좋아져 가고 있어요 3일 사용했는데 완젼 좋아졌구요ㅡ대만족해요ㅡ다 사용하고나면 더 구매해서 사용하려구요 태열 잡는데는 확실히 효과
큰거 같아요 대만족입니다"
1017,5,"출산전사두고 한달은 안썼는데 태열이슬슬올라와서 개봉했어요.
수딩젤보다 점성있고 촉촉하네요 향도좋고요.
위에 크림덮어주니 금새좋아졌어요. 올라왔다 사그라들었다반복하긴하지만 발라주면 들어가는게신기
더심해지진않고있어요일단"
1018,5,"신생아때부터 16개월인 지금까지
꾸준하게 사용하고 있는 제품이에요

아기 건조해서 좁쌀처럼 올라오거나
땀띠 침독 볼 텄을때 만능으로 쓰고있어요

지금 몇개째인지도 모르겠네요

가격이 살짝 있긴 하지만
그래도 제품이 아가랑 잘 맞아서
앞으로도 계속 쓸거에요!"
1019,5,"조리원에서 부터 태열이 심해 얼굴부터 시작해서 몸까지 다 내려와 고민이 많았어요
조리원에선 쁘리마쥬를 사용했지만 출산전에 다른 브랜드를 구매해서 사용하지 않다가 태열 잡아야되서 급하게 태열세럼 구매했습니다
2주정도 사용꾸준히 하니 얼굴은 정말 많이 좋아졌어요~향이 쌔다고 하시는분들도 많은데 전 만족합니다!"
1020,5,"아가 조리원에서부터 태열끼 심할따고 사용했어요!!!
효과직빵이고 크림이나 로션을 바를때 더 촉촉하게 흡수해주는 촉진제 역할을 한다할까요??
쁘리마쥬 로션 크림 에센스 비누까지 다 쓰고 있어요!!!
여자아이라 좋은것만 더 해주고싶은?ㅋㅋㅋ
다음에 또 구매할께요~~"
1021,4,"가격이 사악하지만 후기가 좋아서
구매해봤습니다. 세럼이랑 로션이랑 같이 사야할까 하다가 세럼만 사서 태열인 아기한테 써봤는데 쓰고 나서 노란딱지들이 앉고 더이상 빨간건 많이 안 올라오네요. 이 제품 덕인진 모르겠지만 시기가 여튼 잘 맞았기에 추천해도 될 거 같습니다"
1022,5,아기 태열때문에 지인의 추천으로 구매 하게 되었는데요 아기가 태열이 심해서 눈에 띄게 확 사라진 효과를 보면 좋았겠지만… 그렇지는 않았어요. 그래도 약간씩 없어지는게 보이니 안발랒 기도 뭐하고 다 없어지기를 희망하며 비싸도 발라주고있습니다ㅜㅡㅜ
1023,5,"최고입니다!! 맘카페에서 찾아보고 샀는데 우리 아기는 태열 많이 올라오지는 않았구요. 용쓰기 하고 밤에 많이 울면 몇개씩 갑자기 올라오더라고요.
목욕시키고 발라주면 순간적으로 촉촉해져서 쏙 들어가고 쫌있다 다시 올라오더라고요. 며칠 잘 발라주니 싹 사라졌어요.
가성비 최고템입니다!!
다 쓰면 또 살거 같아요. 이 정도면 저도 발라보고싶을 정도!!"
1024,5,"신생아 태열에 좋다는 얘기는 들었지만, 가격이 부담되서 망설였었어요.근데 요며칠 아가의 태열이 넘 심해져서 한번 구입해봤는데, 바르고나니 하룻밤 새에 태열이 많이 가라앉았네요. 진작 살껄 후회했습니다.그리고 발림도 좋고, 향도 넘 좋아요!"
1025,5,"조리원에서 쁘리마쥬로
아기 케어해주셔서
신생아때부터 8개월인 지금까지
쭉 쓰고있는 쁘리마쥬
한번도 트러블난적없고
그흔한 태열로 고생시킨적없는
진짜 효자템
비싸긴하지만 아가피부랑
너무 잘맞아서 꾸준히 이용중이에요
사실 얼마전에 몽000 구매해봤는데
바로 올라와서 전부 환불받고
다시 돌아왔습니다 ㅋㅋ
배신안할께요 🧡"
1026,5,오 큰 기대없이 구매해봤는데 효과가 좋은거 같아요! 집에 오자마자 태열이 엄청 올라와서 검색해보다가 그래도 신생아니까 화학성분 안들은걸로 고르다가 구매하게 됐어요. 아기 시원하게 해주고 하루에도 수시로 발라줬는데 금방 가라앉았어요. 지금은 태열이 거의 없지만 그래도 수시로 발라줘요~ 아주 만족합니다.
1027,5,"마사지오일, 세럼, 로션, 크림 전부 쁘리마쥬로 샀어요. 비싸도 많이들 사용하시는 이유가 있는 것 같아요. 매일 아가 목욕시키고 발라주고 있습니다. 태열이 올라와서 세럼이랑 크림을 신경 써서 발라주고 있는데 조금씩 잦아드는 느낌이에요. 꾸준히 발라 주려구요. 잘 쓸게요 🙏🏻"
1028,5,"조리원에서부터 사용해서 계속 사용중인데 애기피부에도 잘맞고 뭐 올라올때 태열키트 발라주면 금방 가라앉고 좋아서 당분간 비싸도 계속 쓸 예정이에요~
무엇보다 향도 너무 좋아요~~
사은품도 보내주시고 할인되서 조리원가격이랑 별차이 없어서 구매했어요^^"
1029,5,항상 사용하는 제품이예요. 촉촉하고 향기도 좋고 아기 피부가 건조할때 더 빛을 발하는 제품인것 같아요. 포장이 너무 잘되어서 왔어요. 거짓말 조금 보태서 63빌딩에서 떨어뜨려도 안깨어질것 같이 뽕뽕이를 엄청 감아서 보내셨네요^^
1030,5,"크림하고 쓰면 태열진정에 아주 좋아요. 크림에 비해 발림과 흡수력도 좋고요.
다만 태열에 심해서 이걸 쓰고 효과를 보겠다 하시는뷴들은 소아과가셔서 스티로이드 약하게 들어간 로션을 처방 받는게 더 나을거에요. 저도 그랬거든요."
1031,5,"4개월 아기가 갑자기 땀띠가 나고 피부가 오돌도돌 해지고 침독으로 입주위가 빨갛게 되어서 쁘리마쥬 세럼으로 진정 시키려고 하루에도 여러번 발라주었어요
눈에 띄게 피부가 좋아져서 계속 발라주다보니 한달만에 다 썼네요
비싸지만 아기의 꿀피부를 위해서 계속 구매 할 예정입니다."
1032,5,아이 목욕후 꾸준히 발라주거 있어요. 향이 강한편이긴 해요. 바르는것보단 시원하게 온도 유지하는게 태열이 제일 잘 가라앉아요. 슈딩젤도 아이한테 더 잘 맞는것같기도 하구요. 구래도 발진이나 트러블은 없어서 잘쓰고이써녀
1033,5,사실 보습보다 애기 태열잡으려고 샀습니다. 좁쌀같은 트러블이 나서 쁘리마쥬 다른제품 살때 받은 샘플 세럼을 살살 이틀정도 발라 주었더니 가라앉는거 같아서 구매했어요. 양은 적지만 효과가 좋으니 눈물을 머금고 구매합니다.
1034,5,"아기 얼굴에 바르는 용으로 사용하고
보습.진정 팔요한 부위에 발라줘요

요즘 이유식하는대 얼굴이 음식물이 묻으니
트러블 올라오더라구요
(환절기 이기도 하구요..)

잠깐 세럼 안바른시기에 더 많이 올라와서
효과가 있었다는걸 새삼 느낌니다!"
1035,5,"역시 비싼데는 다 이유가 잇는법!
생후2개월인 아가 얼굴에 태열처럼 올라오는게 심해서 사봣는데 타사제품 수딩젤 수시로 발라줘도 안들어가던게 이제품 2번발라주니 들어갓어요!!!!왕신기ㅎ
라이브방송때 2병사놧는데 아가한테 잘맞아서 정말 다행이에요ㅎ"
1036,4,"배송빠르게 잘 왔어요~
아기가 태열이 심해 걱정하다가 검색해보니 세럼이 유명하길래 바로 주문했네요~ 작은상자에 꼼꼼하게 잘 포장되어서 바로 발송되었어요! 아기 수딩젤로 여러번 발라줬는데 크게 효과가 없었는데 요 세럼 아주 기대됩니다!!
유통기한도 아주 길어서 더 맘에 드네요^^"
1037,5,"15개월 아기,
신생아때부터 쁘리마쥬만 사용하고 있어요.
보습제품 중에서 보습력은 단연 1등 입니다.
펌핑타입의 유리용기도 마음에 들구요.
듀오로 구매해서 조금 더 저렴하게 구매할 수 있어서 좋았어요! 앞으로 좋은 패키지 상품 많이 출시해주세요!ㅎ"
1038,5,날이 더워지면서 아가 태열이 좀 올라와서 샀어요. 태어날때부터 홍반이 있었는데 쁘리마쥬 세럼이 태열세럼라고 소문나서 반신반의하면서 샀습니다. 바른지 3일정도 됐는데 홍반이 거의 사라졌어요. 잘 산것 같아요~:-) 이게 만능약은 아니지만 피부 온도를 내려주는데느 확실히 효과가 있는 것 같아요
1039,5,"급하게주문했는데 배송무지빠르게왔어요~
오자마자 아이얼굴씻기고 발라줫는데요
붉은기가조금가라앉앗어요.나아질때까지꾸준히발라줘보려고요.용량에비해가격이좀있는데 유기농이고 효과좋다고해서 믿고씁니다~
태열이심하게올라온아이인데 빨리가라앉앗으면좋겠어용"
1040,5,만능세럼으로 사용해요. 땀띠가 나려고 빨개지거나 자다가 얼굴 긁어서 빨개진 부분에 발라도 곧 원래 피부로 돌아오고요. 요즘같이 더울 때 목욕하고 바르면 싸악 스며들어서 끈끈해지지 않아서 좋아요. 벌써 세번째 구매입니다.
1041,5,"지인에게 추천받아 구매했어요
본인이써보니 촉촉해서 태열건조함을 잡아준다고ㅎㅎ직접며칠써보니 수딩젤이며 병원서 처방받은 크림이며 깨끗하게는못해줬는뎆거칠던피부가 광이 나기시작했어요 금액은 비싸지만 그래도 부지런히발라줘보려구요"
1042,5,"100일 아기 땀띠도 심하고 가려워하는 등 아ㅇ피가 있어서 고민하다가 구매했어요. 1주 바르고도 많이 좋아졌었고 수시로 2주정도 발라주니 1/3정도 사용했네요, 요즘도 비비거나 문지르면 다시 빨갛게 올라오지만 세럼이랑 기저귀크림 같이 볼에 발라주고 시원하게하면 빨리 회복되고, 피부가 단단해지는 게 느껴져요"
1043,5,열 많아서 겨울에도 반팔 입었던 아이인데 자꾸 얼굴에 태열이 올라서 타 브랜드 수딩젤이랑 크림 발라도 진정이 안 됐는데 쁘리마쥬 태열세럼 바르니 금새 진정되네요.. 진짜 놀랐어요. 이건 백퍼 이백퍼 재구매 의사 있구요. 주변에도 추천하고 다닐거예요. 고마워요 쁘리마쥬 ㅎㅎ
1044,1,"배송느리고 q&a답글 적는 분은 왜 이렇게 불친절 한가요? 다른 분이 적은 질문 내용만 봐도 심할 정도로 불친절 ..이 더운날 화장품 뜨겁게 왔어요. 배송 너무 느리고 아이셋 4 년넘게 사용중인데.. 그만큼 많이 사고 자주 사는데 단 한번도 샘플 한개가 안 들어있네요. 테스터는 분명 나올텐데 그런건 고객에게 안 주고 내부적으로 소진하나요?

다른 브랜드 좋은것도 많은데 쁘리마쥬 한국 총판은 완전 마인드가 너무 별로네요. 한국 총판 책임자에게 전화할게요. 샘플은 누가 소진 하는지…"
1045,5,에어컨을 틀고자도 등이며 목뒤쪽 땀띠가.. ㅠ 태열에 좋다해서 샀는데 3일만에 쏙 들어갔어요~ 저는 듬뿍발라주고있어요 유통기한이 개봉후 짧다해서~ 얼릉 낫게하고싶은생각도있구요~ 목뒤쪽은 아직 좀 남아있지만 열심히.발라줘야겠어여~ 살쪄서 목뒤가 접히거든요 ㅋ
1046,5,6개월 아기가 자꾸 얼굴을 긁어놔서 열이 많아서 그런것같아서 태열에 좋다는 쁘리마쥬 세럼을 사게됐어요. 이마를 엄청 긁어놔서 비판텐 발라주다가 세럼 오고나서 3일간 발라줬는데 나을때가 돼서 나은건지 세럼 덕인지 많이 깨끗해졌어요. 꾸준히 발라보고 좋으면 계속 구매할거같네여
1047,5,"미간이마 볼 코 턱 난리난 아가 좁살
잠재우기위해 열심히
이 세럼과 가지고있던 로션 크림 꾸준히 발라줬더니
점차 나아지고있는게 눈에 보여요 ㅠㅠㅠ
로션은 병원처방된거랑 같이 썼더니
확실히 나아졌습니당 (일주일되어 확인 해봤을땐 다 사라진건아니지만요~)"
1048,5,"아기 신생아때부터 30개월인 지금까지 꾸~준히 사용중이에요.
수분보습보단 진정 효과에 좋은 것 같아요. 미세한 자극에도 쉽게 울긋불긋 해지는 연약한 아기 피부 진정에는 정말 좋은 것 같아요. 여름엔 세럼 하나로 끝내기도 하지만 겨울엔 너무 건조하네요."
1049,5,"태열 잡는 베개, 타브랜드 세럼 여러가지 다 써봤는데 왜 엄마들 사이에서 쁘리마쥬 하는지 알겟더라구요!!! 친구가 처음에 크림만 줘서 써봤는데 효과있길래 세럼까지 사서 같이 쓰는중이에요~ 태열은 다 잡혔구 피부가 엄청 맨들맨들해졌어요^^ 좀 비싸지만 계속 쓸거같아요!"
1050,5,"저는 이향이 좋아요 로즈마리 향같은 아로마 맘에들구요 한개더사서 벌써 두통 다써갑니다 이거랑 쁘리마쥬 모이스쳐라이징크림이랑 같이 바르니까 촉촉합니다
아기 피부가 너무건조해서 종이 같거든요 근데 이거랑 크림쓰고 많이 회복했어요"
1051,4,이거 작은거 하나 받는데 비닐뽁뽁이 쓰레기가 어마무시 하네요.. 과대포장 하지 말았음 합니다.. 제품에 써있네요.. gift of nature.. 플라스틱 프리 제로웨이스트 움직임이 일어나는 시기에 아이제품 파는 회사에서 이런 과대포장은 아닌거 같아요ㅠㅠ 세럼은 촉촉하네요
1052,5,아이가 5살인데도 필수품처럼 사용중이에요 겨울에는 로션이나 크림 전에 발라주고 여름에는 무조건 밤에 발라서 사용 중입니다. 가격만큼 만족스러운 효과에요^^ 피부가 예민한 아이라 빨갛게 잘 나는데 이거 바르고 잘 안나요! 몸에도 땀띠올라올 듯하면 발라주는데 너무 좋아요!
1053,5,"세럼^^ 만족합니다
스며드는 정도 , 발림성도 좋고
확실히 태열올라와서 빨간 피부와 오돌도돌 올라왓던게 없어지는게 눈에 보이네요
신랑도 좋다고 그러네요.
고보습 크림 하고 같이 사용중인데 계속 사용할듯 합니다. 얼굴 위주로 바르고, 빨갛거나 도돌하게 올라온 부위 (바디) 부분 사용중인데, 심하게 헤프진 않습니다.
여러모로 만족합니다"
1054,5,신생아 시절부터 쓰는 제품인데 너무 촉촉하고 좋아서 재구매 했어요^.~태열 올라왔을때 발라주고 보습크림 발라주면 금방 반질반질 괜찮아져서 이것만 찾네요 ㅎㅎ 세럼 용량에 비해 가격이 비싸지만 그래도 유기농제품이라 믿고 구입합니다!
1055,5,"보습크림이랑 세트로 태열관리 제품으로 유명해서 구매했습니다!!!
정말 비싸서 고민했는데 그런 고민을 왜했을까 싶을정도로 만족합니다!!!
태열이 일주일만에 잡혔어요 ㅠㅠ
역시 입소문난 좋은제품은 달라요!!
대만족이고, 무조건 강추입니다!!!
만족해요!!!"
1056,5,4개월 아기 점점 더워지면서 살 접히는 목하고 팔쪽에 발라주려고 샀어요 세럼 바르니까 빨갛게 올라온게 빠르게 진정되었어요~ 이제 더 더워지면 등에 땀띠도 날텐데 촉촉하게 진정시켜주면 좋을것 같아요~ 향과 가격이 부담스럽지만 효과는 역시네요
1057,5,신생아때부터 열이많아서 로션도 못발랐는데 쁘리마쥬세럼만 발라도 트지도않고 촉촉해요 원래는 더 까무잡잡했는데 점점 하야지고있고 좁쌀이나 트러블없이 지내요 자극적인거먹고 입주변 일어나도 쁘리마주 세럼바르면 가라앉아용
1058,5,출산선물로 받아 사용하다 벌써 2통째 구매해서 재사용중이예요 태열에도 효과좋고 요즘은 얼굴에 침범벅이 되어 저녁때 침독이 올라오는데 목욕후 발라주면 아침 되면 피부가 다시 가라앉아있어요 제 화장품보다 비싸지만 아이의 피부를 위해서라면..ㅎㅎㅎ 빠른 배송에 포장도 꼼꼼하게 잘되어서 꾸준히 이용예정 입니당
1059,5,"아가 태어나고부터 지금까지 이것만 썼어요. 벌써 4통째 입니다. 중간에 다른 제품 썼는데 빨갛게 발진 나서 보름정도 고생했어요ㅜ 쁘리마주로 피부 진정시키고 보습 유지하고 했더니 다시 돌아왔습니다.
아가들 침독에도 아주 효과봤어요."
1060,4,아직 사용전이고 아토피 아기인데 스테로이드테이퍼링하면서 열감도 있고 홍조끼가 많이 생겨서 구입해봤어요 신생아태열때부터 많이들 쓰던데 입소문처럼 좋기를 바래봅니당 아토피아기한테도 좋으면 한달구매후기도 남겨볼게요
1061,5,태열키트 중 하나로 유명해서 사봤어요 유기농이고 세럼이라 흡수가 빠를 줄 알았는데 제가 잘 못 바르는 건지 문지르며 바르니 겉돌고 하얗게 발라져서 톡톡톡 두리리면서 흡수시켜요 저희 아이는 유명한 태열키트는 잘 안맞아 결국 병원가서 MD크림 처방받았답니다
1062,5,"첫째때 썼던거라 믿고 구매했어요. 아주 만족하구요.
가격대비 용량이 작은것같은 기억이 있어서 둘찌는 타브랜드걸로(것도평이좋고 싸지않은 브랜드였는데ᆢ) 썼더니 피부가 너무 안좋아져서 바로이걸로 구매하고 발라줬어요. 다시꿀피부되어가네요.
아주 만족합니다."
1063,4,신생아 태열 비립종 홍조에 좋다고 해서 사봤어요가격은 비싸네요배송은 빨랐어요홍조는 사라진것 같은데 아직 쏙 비립종이 쏙 들어가진 않네요 바르고 더 번진것도 같고더 발라보려구요향은 코코넛향인데 조금 강하네요바르고 더 좋아지면 후기 더 남길께요오늘 사용 2일차 조금은 좋아진것 같아요
1064,5,"현재 3통째 구매해서 사용중입니다. 아기 피부 (특히 얼굴) 발진에는 이 세럼만한게 없는 것 같아요. 물론 심한 발진은 연고를 발라야겠지만, 가벼운 태열, 홍조, 발진은 쁘리마쥬 세럼을 수시로 발라주면 하루나 이틀만에 싹 들어가고 진짜 꿀피부되네요. ㅎㅎ"
1065,5,신생아때부터 쓰던 제품이에요. 유기농이라 그런지 꾸준히 발라줬더니 아기 피부가 진짜 좋아요. 여기저기서 아기 피부 너무 뽀얗고 좋다고 칭찬이ㅎㅎ향도 좋고 다 마음에 들어요. 세럼과 기저귀크림은 필수~ 클렌징워터는 처음 구매해봤는데 이유식 먹이고 쓰니 좋아요ㅎ가격이 좀 비싼게 아쉽긴 하지만 제품은 정말 만족스러워요ㅎㅎ
1066,5,태열이 올라와서 급하게 주문했는데 꾸준히 사용하니 확실히 좋아지네요!^^ 유명해도 가격이 비싼편이라 안사고 있었는데 도우미이모님께서 추천하셔서 결국 구매했네요ㅎㅎ 그만큼 효과가 있더라구요! 전 다쓰고 재주문했어요!
1067,5,태열로 고생하는 둘째... 친구추천받아 구매했는데 효과 진짜 최고에요!! 하루 세번 씻기거나 닦은 후 세럼 바르고 로션으로 보습 해주니 3일만에 효과 제대로 봤어요!! 첫째때듀 태열 심했는데 쁘리마쥬를 좀더 일찍 알았다면 고생 덜하고 돈덜쓸껄....... 무튼 쁘리마쥬 만세!!!!!!
1068,5,"작고 소중한 조카 얼굴에 태열이 올라왔다는 이야기를 듣고 보내줬어요~! 저희 아가 신생아 때도 너무 잘 썼었는데! 조카도 하루이틀 사이에 많이 좋아졌다는 소식을 들어서 너무 뿌듯하더라구요!!
국민템인 이유는 다 있어요! 👍🏻"
1069,5,"제가 아이키울 떄 이 세럼 덕을 많이 봤어요. 그래서 지인 아기가 태열때문에 고생해서 선물했구요. 보습 크림이랑 같이 바르면 효과가 더 큰데, 세럼은 정말 사랑입니다. 하달에 쁘리마쥬 엄청 사용하느라 아이 로션 세럼 값만 엄청 들었었어요. ㅎㅎ"
1070,5,신생아때부터 쓰던 쁘리마쥬~ 태열이나 땀띠 올라올때 뿐만 아니라 매일 아침 저녁으로 세수 하고 발라주니 아가 피부 짱짱입니다ㅋ 보시는분들 마다 아가 피부 좋다고 칭찬해주시고 역시 쁘리마쥬 입니다! 가격이 사악하지만ㅠㅠ 아가한테 잘 맞고 좋아서 계속 쓰러구용!!
1071,5,"여름에 태열때문에 고생했는데 쁘리마쥬
덕분에 아기 얼굴이 깨끗해졌었어요~
반정도 사용했는데 다쓰면 재구매 예정입니다
지금은 침흘리는거 때문에 얼굴이 울긋불긋
해서 쓰고 있는데 침에도 효과가 있나봐요ㅋ
목욕시키고 바르고 다음날 되면 괜찮아요"
1072,3,"태열에 좋다고 해서 샀는데
사실 효과는 그닥…
한국브랜드인데 프랑스 브랜드인것처럼 마케팅 하는것도 그닥….
세럼이라 제형이 묽어서 바르고나면 약간 당기는 느낌은 있어요
피부진정이나 쿨링에 초점이 맞춰져있는것 같아서 보습은 기대 안했어요
호불호 갈릴것 같아요"
1073,5,"태열때문에 지인에게 추천 받아 처음 사용해 보게 되었는데 좋아서 계속 사용하게 되었어요

처음에는 제가 좋아하지 않는 바닐라향인데 거기에 페퍼민트와 바닐라향이 섞여서 더욱 별로 였는데 사용하다보니 그냥 익숙해진 듯해요

발라주면 촉촉한데 금방 흡수되어서 좋은것 같습니다~"
1074,5,샘플로 받아서 써보고 좋아서 고민하다 시켰어요. 생각보다 굉장히 작네요ㅎ 그리고 날씨가 추워서 오다가 얼었는데 유기농이라 쓰는데는 이상없다고 하셔서 일단 써보려구요ㅎ 태열이나 가끔씩 올라오는 피부트러블엔 이 세럼이 직방이예요ㅎㅎㅎ
1075,5,"신생아 때에 조리원에서 알게되고 선물받아 쓰게되었는데, 신생아 때에는 좋아요. 태열이 잡히고 아기 피부에도 부담이 안되서, 근데 아기가 아토피라서 그런지 좀 더 건성으로 바뀌면서는 효과가 많이 없어졌어요.
우선 돌 때까지는 쓸 계획이에요."
1076,5,"세럼 정말 강추해요~태열 금새 좋아졌어요!
아*팜 수딩젤 바르다가 차도가 없어서 조리원동기 추천으로 혹시나 하는 맘으로 발라줬더니 2~3일만에 눈에 띄게 좋아졌어요~배송도 굿이예요!
용량대비 가격이 사악하지만 꾸준히 사용 할것같아요~"
1077,5,"태열에 좋다는 블로그글보고 반신반의하며 구매했는데 사용한지 3일째부터좋아지더니 지금은 꾸준히 이세럼만발라요ㅋㅋ 보습제도같이사서 목욕후와 아침 세안시키고 나서 꾸준히발라주네용ㅋ
벌써 두통째써가구요 저희아기는 효과많이본케이스여서 추천드리고싶네요 가격이 사악하지만
아가의 태열은 더 사악하거든요ㅋㅋ"
1078,5,항상 쓰는 제품이에요~ 신생아때도 태열은 없었지만 촉촉하구 향도 너무 좋아서 목욕 후에 얼굴에는 이 제품만 발라줘요~ 진정효과가 있는지 빨개진 부분도 발라주면 가라앉아서 8개월 아기에게도 계속 발라주고 있어요~ 유통기한도 넉넉해서 좋아요~
1079,1,"아기 피부에 안맞아요.
여름에 땀띠났을때 효과좋았거든요.
갑자기 안맞네요..
트러블생겨서 혹시나 하는마음에 끊었더니 바로 사라지네요.. 어른 화장품도 사용하고 트러블생기면 다 환불해주는데 이건 안된다고 그냥 제가 발라야겠어요.."
1080,5,아기가 태열이 생겨서 알아보던 중 지인소개로 구매했어요ㅎㅎ효과는 정말좋아요~ 온습도조절해주면서 2일정도바르니 태열이 싹 살아졌어어요~ 태열올라오는곳에 발라주면 다음날 감쪽같이 들어가네요~ 또구매의사있어요! ㅎ 아낌없이 발라줬더니 벌써 많이 썼네요
1081,5,"조리원 에서부터 얼굴에 태열있어서 집와서 바로주문한
쁘리마쥬..
주변에서 좋다고해서 구매해서 사용해보니
정말 촉촉하고 순하고 향기까지 너무 좋아요
아기 태열이 다없어지지 않았지만
전체적으로 괜찮아 졌어요~
쫌 더 바르면 다 없어지겠죠?^^"
1082,5,"신생아때부터 태열때문에 쓰고있는데
겨울되니 건조하고 더우면 얼굴에 빨갛게 올라오는데
쁘리마쥬 수딩키트가 신의한수입니다
이거 두번 바르면 빨간게 쏙들어가요
너무 잘쓰고있는 세럼이랑 크림 !!
!!"
1083,5,두개째 구매합니다~! 아기 좁쌀 여드름이 생겨서 처음 구매했다가 좋아서 한번 더 구매했어요~! 용량에 비해 금액이 센편이지만..아기 조금 더 클때까지는 써보려고요~ 아기 50일때 쯤인가 세럼과 로션을 구매했었는데요~ 지금 132일인데 로션은 있고 세럼만 떨어졌어요~ 또 구매하러 올게요 :)
1084,5,우리애기 피부트러블을 요아이가 잠재워줘요~~태열로 얼굴이 울긋불긋했는데 세럼쓰고 정말좋아져서 1통 다쓰고 새로 주문했어요~~용량대비 비싸긴해도 소량씩 바르니 오래써서 만족해요~~돈보다 우리애기 피부가 소중하니까요~~^^
1085,5,"여름대비해서 구매했어요
다른 메이커로 사려고 했다가 쁘리마쥬 로션&워시 사용하고 있어서 라인 맞춰 세럼도 구매했는데
발림성 좋은거 같아요
근데 가격대비 용량이 ㅠㅠ 너무 비싸긴 하네요
가격을 살짝 내리던지.. 용량을 살짝 늘리던지 하는 바람이 있긴 합니다"
1086,5,"한통 다쓰고 두번째 구매입니다. 아기 얼굴이 뒤집어졌을때 바르면 바로 잠잠해져서 너무 좋아요.
보습력도 오래 유지되구요. 어린이집에서 원에있는 보습제는 금방 건조해져서 쁘리마쥬세럼 챙겨 보냈더니 선생님이 좋다고 말해주시네요~
쁘리마쥬 강추입니다"
1087,5,"애기 태열 진짜 심했어요.
샘플 있던거 하나 다 쓰지도않았는데
쏙들어가는거보고 바로 주문했습니다!!
세럼만썼는데 효과보고 진짜 놀랐어요.
겨울에는 세럼만으로는 좀 보습이 아쉬울것같아요.
그래도 촉촉하고 .
태열로고생하는아기에게 추천이요!!!!!"
1088,5,좋아요~ 아기 신생아때도 잘 썼는데 그 이후에 다른 메이커 세럼 쓰다가 겨울이라 볼 붉어진게 잘 안 없어져서 다시 재구매했어요~ 좀 비싸지만 이만한게 또 없는것 같아요~ 향은 아기 세럼 치고 좀 센 편이라 의외기는 하지만 효과만점이라 계속 구매하려합니다.
1089,5,세럼 좋아요 향이 강하긴하지만 천연 재료라 하여 그냥 써요 향이 조금만 덜 진했으면 좋갰어요 제 코가 예민하긴해요 덕지덕지 발라두면 옷먼지가 아가얼굴에 붙어있어요 세럼이지만 꾸덕한느낌이랄까? 구렇습니다 그치만 얼굴에 난거 가라앉히는데 효과는 짱
1090,5,한창 태열오를 때 샘플 써보고 즉각효과가 나타나서 구입해서 썼네요.태열은 쏙 들어갔는데 이제 침독과의 사투네요ㅜ 침독에도 효과가 좋아 수시로 발라주는데 확실히 발라주면 쏙 들어가요.다만 단독으로 쓰기엔 조금 건조해서 라이트한 로션을 덧발라줘요.그리고 쁘리마쥬 발진크림을 발라주면 꽤 효과가 있어요ㅎ
1091,4,"쁘리마쥬는 향이 너무 쎄서 구입안했었는데 태열에 워낙 유명한 제품이라 세럼만 사용하고 있요(저는 향이 좋은데 아기한테는 너무 강한 향이라)
수딩젤+크림으로 잡히지 않던 태열이 수딩젤+세럼+크림 으로 쏙 들어가서 얼굴은 보송보송 아기피부로 돌아왔어여!! 몸은 옷때문인지 아직이네요 ㅜㅜ"
1092,5,쁘리마쥬 기저귀크림 출산선물로 받아서 만족하며 쓰고 있었는데 아기 얼굴에 태열 올라와서 유명한 쁘리마쥬세럼 주문해서 하루에 여러번 발라주고 온도 낮췄더니 싹 가라 앉았어요 ㅠ 여자 아이라서 걱정했는데 진짜 만족도 최상!!!
1093,5,아기태열에 정말 좋아요첫째에 이어 둘째도 꿀피부를 지켜주고 있습니다.턱밑은 침때문에 아침 저녁으로 발라주고목이나 가슴(아기띠오래한날)은 목욕후 발라주면 금새 빨갛게 올라온 태열이 가라앉아요.가격이 좀 쎄지만 그래도 재구매합니다.👍
1094,5,이거 진짜 물건이에요. 태열 트러블 등등 피부가 붉어지거나 좀 예민해질때마다 매일 발랐어요. 이거 바르고 아무 크림이나 바르면 진짜 쫭!! 금방 가라앉아요. 어떤 크림을 쓰든 세럼은 필수에요. 남편도 다른건 모르겠는데 이건 좋다며!
1095,5,"매번 쓰는 세럼이에요
평소엔 아기 얼굴용으로
몸에 발진이나 건조할땐
국소적으로 수시로 발라줍니다

제형은 매우 묽은편이고
바르고 롤링하면 하얗게 변하면서


다 롤링하며 바른후 살며시 톡톡톡
두드려주면 흡수 굳굳!"
1096,5,신생아때부터 쭉 쓰는 제품이예요. 신생아때 태열 한번 올라오고는 단한번 태열한번 없었고 돌이 지난 지금은 늘 촉촉하게 사용하고있어요. 무엇보다 아기 피부 보습력도 뛰어나고 덕분에 늘 뽀얗고 좋아요^^ 앗 늘 챙겨주시는 샘플제품은 쟁여놓고 여행갈때 유용하게 사용한답니다
1097,4,신생아 때부터 쭈욱 사용 중이에요 목욕후에도 매일 바르고 트러블 생길거 같으면 해당부위에도 소량씩 발라주고 있어요 다행히도 아가랑 잘 맞아서 큰 피부 트러블 없이 쑥쑥 자라고 있어요! 단점은 가격대비 세럼양이 30ml 소량이라 금방 써요
1098,5,예민한 아기 피부에도 사용할수있어요. 신생아때 태열 올라올때 다른것 안바르고 이거만 발라도 피부 좋아지고요~~신생아는 첨에 이거만 한달발라주면 나중에 피부좋아져요~~~ 얼굴 침독 올라왔을때도 발라주면 좋더라고요~~ 저는 둘째가 두상교정중인데 두피가 붉어지고 트러블 나길래 발라주었어요~~ 향도 좋고 사용감도 좋아요.
1099,5,"애기가 태열땜에 얼굴이 난리에요
시원하게 온도 맞춰주고 했는데도 나아지질 않아서 쁘리마쥬세럼 구매했어요
태열키트로 많이 구입하시던데 전 쁘리마쥬 세럼 발라주고 집에 있는 로션 발라줬는데
이틀짼데 서서히 좋아지고 있어요~
작고 비싼데 효과는 좋은거 같아요~^^"
1100,5,작년 7월에 태어난 아기가 태열이 심해서 오프라인으로 구매해서 사용 쭉하고 촉촉하고 효과가 좋았던지라 겨울에도 계속 발라줘야지 하고 다쓴지 두달만에 다시 사네요 😅 향도 좋고 바르면 촉촉하고 탱탱해요 ㅋㅋ 다쓰면 또 사러올게여~
